experiment,model,outlier_type,mean_corr_with_others,min_corr_with_others,max_corr_with_others,std_corr_with_others,rank_in_experiment
Exp_001,RF,Inlier,0.38181945699248887,-0.08166266180438428,0.7798271048139194,0.3138857326129617,1
Exp_001,XGB,Inlier,0.26556739715000455,-0.26344198683370584,0.6481919916422351,0.3365723210328944,3
Exp_001,SVR,Inlier,0.3450645211171196,-0.06557057096317546,0.7798271048139194,0.33741794254588375,2
Exp_001,LSTM,Inlier,-0.08299044271505167,-0.2634419868337058,0.08298108700079246,0.11422538476844234,6
Exp_001,CNN,Inlier,0.2128491896427036,-0.09700185599922943,0.43646101780738444,0.19940732419182688,4
Exp_001,Transformer,Inlier,-0.005196800196047671,-0.12661208762927234,0.1624983083421011,0.11502267713484923,5
Exp_002,RF,Inlier,0.2292048495364301,-0.4455151338464606,0.8506278275727395,0.5068595809907998,2
Exp_002,XGB,Inlier,-0.2094668506163989,-0.4455151338464606,-0.0500865167902364,0.14150817960018516,6
Exp_002,SVR,Inlier,0.3045477954828848,-0.15733351411166707,0.7893512480678719,0.3863971835501597,1
Exp_002,LSTM,Inlier,-0.01256073646692642,-0.21335091946476473,0.1291269817269029,0.12623769557587805,5
Exp_002,CNN,Inlier,0.0007423163809809494,-0.10780412131916238,0.1291269817269029,0.07972158575569428,4
Exp_002,Transformer,Inlier,0.20845939692260637,-0.28659496701446796,0.8506278275727395,0.48659806015977186,3
Exp_003,RF,Inlier,0.5652366050559111,-0.05089057845300714,0.8304661581264641,0.3141270565462907,1
Exp_003,XGB,Inlier,0.45509822102707637,-0.030691184942680222,0.6647366904515675,0.25233979935299466,5
Exp_003,SVR,Inlier,0.5439490836039544,0.07556741483542201,0.830466158126464,0.25078895873232415,2
Exp_003,LSTM,Inlier,0.5217184856196392,-0.016430089181034085,0.811768305635909,0.2937727559367881,4
Exp_003,CNN,Inlier,0.004148933322680845,-0.05089057845300714,0.07556741483542204,0.047521389542508514,6
Exp_003,Transformer,Inlier,0.5344461593385312,0.043189104354703606,0.8117683056359088,0.2599811040493388,3
Exp_004,RF,Inlier,0.42533152066628493,0.09614577648019931,0.7704091969879475,0.24874640072119714,1
Exp_004,XGB,Inlier,0.10843932365221712,-0.11199443744334506,0.3211227587631873,0.1643042056395324,4
Exp_004,SVR,Inlier,0.38884971768987353,0.10923407564424838,0.7704091969879475,0.25914464744227633,2
Exp_004,LSTM,Inlier,0.3316824089185763,0.04640232402971771,0.6194842290940445,0.23510861732977067,3
Exp_004,CNN,Inlier,0.07258646963922699,-0.11199443744334509,0.42561198473365863,0.1963333283044781,5
Exp_004,Transformer,Inlier,0.059375685511350196,-0.10632159876814472,0.2190176516770815,0.12118443917501685,6
Exp_005,RF,Inlier,0.23017053502472212,-0.04468653189284516,0.8003991996606971,0.2992993593397946,2
Exp_005,XGB,Inlier,0.04235552334567092,-0.5934621046058491,0.5992018446770375,0.4015439819031981,5
Exp_005,SVR,Inlier,0.24615335213350206,-0.33610109108107566,0.8003991996606971,0.3605932611077868,1
Exp_005,LSTM,Inlier,0.07760147688709822,-0.16963686094091118,0.29289783376269907,0.19949675339723888,4
Exp_005,CNN,Inlier,-0.2919427157420819,-0.5934621046058491,-0.04468653189284516,0.18413511621066864,6
Exp_005,Transformer,Type2,0.14643828435451645,-0.3158269901897284,0.5992018446770376,0.29377530350609465,3
Exp_006,RF,Inlier,0.3067382099195136,-0.14557240203936941,0.7866486977403613,0.38409031587172454,2
Exp_006,XGB,Inlier,0.17026614552518318,-0.3548670771672171,0.6303636226232231,0.41749009263360115,4
Exp_006,SVR,Inlier,0.3092139645764798,-0.18552146292630584,0.7866486977403613,0.403141631841046,1
Exp_006,LSTM,Inlier,0.2014435781809806,-0.16933785264295986,0.4660042456696636,0.25129581547936886,3
Exp_006,CNN,Inlier,-0.11866256211498778,-0.2777684071319082,0.15079113146384182,0.14302830709660133,6
Exp_006,Transformer,Type2,-0.10778499289529031,-0.3548670771672171,0.15079113146384182,0.17080332122593173,5
Exp_007,RF,Inlier,0.24646306976756005,-0.49150966481268177,0.7735261984627737,0.46685910412658577,3
Exp_007,XGB,Inlier,-0.22681131151616132,-0.6340566099583115,0.10174734640769625,0.2989392216562876,6
Exp_007,SVR,Inlier,0.30682266018303256,-0.2034460224903227,0.7735261984627737,0.3210332924382835,1
Exp_007,LSTM,Inlier,0.11921055879256018,0.007940858045814805,0.27603918250975734,0.09925222231674899,5
Exp_007,CNN,Inlier,0.27260985351429934,0.093208393272813,0.4246091673391982,0.10961956896944902,2
Exp_007,Transformer,Inlier,0.1951144461748044,-0.6340566099583115,0.7051666834747162,0.46760670735349785,4
Exp_008,RF,Inlier,0.3012323949894071,-0.2244735956531317,0.7916880471681227,0.3757894455427301,3
Exp_008,XGB,Inlier,0.15813951125399434,-0.16333105402668263,0.5206355619669754,0.2282727558490783,5
Exp_008,SVR,Inlier,0.37074647231163316,-0.0582571599452785,0.7916880471681228,0.2990149065624851,2
Exp_008,LSTM,Inlier,0.24848111217006244,-0.11313081682576427,0.5352631787759994,0.20991852309747405,4
Exp_008,CNN,Inlier,-0.1670262472573323,-0.2759386098358044,-0.058257159945278504,0.07734492457717694,6
Exp_008,Transformer,Inlier,0.40262040820846046,-0.2759386098358044,0.6285496821075801,0.3417018217321338,1
Exp_009,RF,Inlier,0.37729969294895743,-0.4488441085971673,0.7802519276974029,0.4468012253383627,2
Exp_009,XGB,Type1,-0.17477434819249146,-0.4488441085971673,0.12880259361638194,0.1892602445783129,6
Exp_009,SVR,Inlier,0.3966337114327705,-0.2639693312913369,0.7802519276974029,0.3526261771549926,1
Exp_009,LSTM,Inlier,0.2880834013182473,-0.17723327908896722,0.5805622825359469,0.2816851414508353,3
Exp_009,CNN,Inlier,0.2522420036675552,0.07269399380403323,0.44124669292989144,0.13479607901120755,5
Exp_009,Transformer,Inlier,0.25279958477095293,-0.11262761560136783,0.7124737129667604,0.29174335064169576,4
Exp_010,RF,Inlier,0.3336260142932677,-0.30825991680112297,0.7911883916837434,0.36316874820940254,2
Exp_010,XGB,Inlier,0.2748343796912436,-0.15090936025676188,0.6122401156632817,0.26082294143509205,3
Exp_010,SVR,Inlier,0.34655674943721526,-0.24086364938867594,0.7911883916837434,0.360161785586524,1
Exp_010,LSTM,Inlier,0.2168479373290369,-0.06353346548725845,0.4506092557956021,0.19430764081031449,4
Exp_010,CNN,Inlier,-0.12089354731664356,-0.30825991680112297,0.15909865535060147,0.16253353092414738,6
Exp_010,Transformer,Type2,0.17580260956295618,0.07218608159209758,0.2621192170637576,0.0637634818287171,5
Exp_011,RF,Inlier,0.14532978003298083,-0.21533503561526116,0.7269652373089789,0.31838686345244027,2
Exp_011,XGB,Inlier,0.018271598536607824,-0.1984259799484106,0.2857934241190857,0.17925206941515962,3
Exp_011,SVR,Inlier,0.19751933559952622,-0.18263529306114273,0.7269652373089789,0.31220247851159055,1
Exp_011,LSTM,Inlier,-0.13785500526673805,-0.21533503561526118,-0.007911192736069578,0.07134933482209674,6
Exp_011,CNN,Inlier,0.011960306314543229,-0.12541338422777926,0.19386803238534323,0.12697879289776337,4
Exp_011,Transformer,Inlier,-0.03369824320066918,-0.19842597994841055,0.18895662442850739,0.1295735530965458,5
Exp_012,RF,Inlier,0.3351867639121434,-0.21137532400347042,0.787670862646117,0.4179071244107289,2
Exp_012,XGB,Inlier,0.31131912468688094,-0.23652748677625646,0.7105388762089321,0.4161265621634749,4
Exp_012,SVR,Inlier,0.3327248979934647,-0.22739000378490826,0.787670862646117,0.40990647261109747,3
Exp_012,LSTM,Inlier,-0.09558452974018912,-0.23652748677625646,0.0894922385833504,0.10554892086522019,5
Exp_012,CNN,Inlier,-0.11640910820760915,-0.22739000378490826,0.0894922385833504,0.11526348701438092,6
Exp_012,Transformer,Type2,0.3383981106016099,-0.11853047494918044,0.7105388762089321,0.3618161441854194,1
Exp_013,RF,Inlier,0.2573641497426582,-0.39855148643364935,0.7866751773338521,0.43902470645538755,2
Exp_013,XGB,Inlier,-0.16517011599666037,-0.39855148643364935,-0.025628947572630387,0.1350553638128681,6
Exp_013,SVR,Inlier,0.26900142615455835,-0.17910082780133996,0.7866751773338521,0.3847237939933441,1
Exp_013,LSTM,Inlier,0.1996737214766777,-0.1863173354928938,0.5120366493240748,0.2946343856347059,4
Exp_013,CNN,Inlier,-0.07171229812790923,-0.17756155428520468,0.06542358587483103,0.08384713456639113,5
Exp_013,Transformer,Inlier,0.25385287153643826,-0.03625198268278823,0.4935461301093858,0.20682828189013616,3
Exp_014,RF,Inlier,0.37529845826518693,0.011579134264175908,0.7929376716335917,0.28837809434805856,2
Exp_014,XGB,Inlier,0.14666642630038954,0.008639078964964901,0.32561732693842393,0.12289215106573473,4
Exp_014,SVR,Inlier,0.3788047859663961,0.044431999674481096,0.7929376716335917,0.2408127096429726,1
Exp_014,LSTM,Inlier,0.013560866009336005,-0.04923040363371746,0.044431999674481096,0.03332026787244587,6
Exp_014,CNN,Inlier,0.13721260461920942,-0.026912077903121154,0.3437046768690754,0.16190612659782153,5
Exp_014,Transformer,Inlier,0.23403319920680093,-0.04923040363371747,0.5963507921556278,0.24885331111374126,3
Exp_015,RF,Inlier,0.17601809758952655,-0.3169416665595748,0.7441111616079615,0.37189018970056453,3
Exp_015,XGB,Inlier,0.09062871035633921,-0.36285189763050296,0.42606352857901897,0.2639484134429542,4
Exp_015,SVR,Inlier,0.2609811124797141,-0.16294451746648517,0.7441111616079615,0.33183950718077393,2
Exp_015,LSTM,Inlier,-0.11073541553201197,-0.3628518976305031,0.012602405818086582,0.1361508017300269,6
Exp_015,CNN,Inlier,-0.0768261782025738,-0.31694166655957484,0.17184938571033892,0.17254330005027765,5
Exp_015,Transformer,Inlier,0.2751635511727378,-0.061777118040619056,0.5139720614061084,0.23089289453366382,1
Exp_016,RF,Inlier,0.13828264667173232,-0.5804909700740777,0.7647749125447747,0.4819827355633791,2
Exp_016,XGB,Inlier,-0.22524011112287354,-0.5804909700740777,0.1379027744122427,0.23442549921566505,6
Exp_016,SVR,Inlier,0.16667726041595743,-0.28488209144335835,0.7647749125447747,0.35618391249062004,1
Exp_016,LSTM,Inlier,0.10401028519258078,-0.12253919254277922,0.3296511409235287,0.18125773279545612,3
Exp_016,CNN,Inlier,-0.09579416994790085,-0.28941111475186543,0.1379027744122427,0.15303841022644604,5
Exp_016,Transformer,Type2,-3.324036690658394e-05,-0.28941111475186543,0.4134525517532721,0.2625857460324805,4
Exp_017,RF,Inlier,0.2876860646798068,-0.009326971423081032,0.7121514946202933,0.3181504380839167,1
Exp_017,XGB,Inlier,0.19098143260098238,-0.22825559149875782,0.6351200872315428,0.37243728650695274,3
Exp_017,SVR,Inlier,0.23114892180978916,-0.1334200592590648,0.7121514946202934,0.35135047297929906,2
Exp_017,LSTM,Inlier,0.08039564062066737,-0.21666927292834234,0.47127593644065513,0.260302123069038,5
Exp_017,CNN,Inlier,0.02021002352526121,-0.22825559149875785,0.47127593644065513,0.24922013855155223,6
Exp_017,Transformer,Type2,0.086045265629751,-0.1383087459611379,0.29011857027317,0.14679663555198938,4
Exp_018,RF,Inlier,0.30680950491605247,-0.22216654942784397,0.7665371608607738,0.37573827707647517,2
Exp_018,XGB,Inlier,-0.11727976783004172,-0.40914524766099153,0.016503028305786704,0.1496174274350937,6
Exp_018,SVR,Inlier,0.23282721134917708,-0.2982168258363731,0.7665371608607737,0.3647469311809354,4
Exp_018,LSTM,Inlier,0.3191342036835387,-0.0782014920736176,0.539746647872794,0.24441105408672972,1
Exp_018,CNN,Inlier,-0.09625673850616054,-0.40914524766099153,0.3003722676731072,0.27256342733695044,5
Exp_018,Transformer,Inlier,0.3002310929024229,-0.06862749271049268,0.539746647872794,0.22083202213280104,3
Exp_019,RF,Inlier,0.4027083911306322,-0.19156271802638164,0.8267041735982374,0.36216763818684544,1
Exp_019,XGB,Inlier,0.373554452108456,-0.25006428911780015,0.8267041735982374,0.36808052277126146,2
Exp_019,SVR,Inlier,0.3055657459097757,-0.10788005663642421,0.6809856722057741,0.3218818572997527,3
Exp_019,LSTM,Inlier,0.235791550837686,0.005068622145237234,0.4894660012104824,0.18357467799679625,4
Exp_019,CNN,Inlier,-0.1975219720437925,-0.5611118480720951,0.010060372852077101,0.20934525765278655,6
Exp_019,Transformer,Inlier,-0.023419821983159218,-0.5611118480720951,0.2975386361178032,0.3025450649709247,5
Exp_020,RF,Inlier,0.18503081285552866,-0.49595920837216806,0.7957358810988326,0.5168300798897423,2
Exp_020,XGB,Inlier,-0.13693875197892674,-0.49595920837216806,0.34511273335921067,0.278364655713905,6
Exp_020,SVR,Inlier,0.23978459836441193,-0.265902726629737,0.7957358810988329,0.4149114133533631,1
Exp_020,LSTM,Inlier,0.14483146288526746,-0.20294973358747848,0.5557906232389379,0.3260077325578831,3
Exp_020,CNN,Inlier,-0.1085853261391931,-0.3628579461852778,0.34511273335921067,0.23928304037394438,5
Exp_020,Transformer,Inlier,0.12597569206599896,-0.14426576130398117,0.43244471449731864,0.23445339376602983,4
Exp_021,RF,Inlier,0.4540214098175559,-0.31345179866708606,0.8410780745250008,0.4228261232643714,2
Exp_021,XGB,Inlier,0.39119725033058245,-0.370126442772475,0.6714014438908114,0.3886691390735701,4
Exp_021,SVR,Inlier,0.47371032246536277,-0.2544847371721881,0.8410780745250007,0.3963788537551881,1
Exp_021,LSTM,Inlier,0.4491873204086576,-0.1897240151671586,0.7560222388014567,0.349781430946508,3
Exp_021,CNN,Inlier,-0.2450638647258112,-0.370126442772475,-0.09753232985014834,0.09511504981445174,6
Exp_021,Transformer,Type2,0.2836791942014677,-0.09753232985014834,0.4499459237629944,0.1951671042358572,5
Exp_022,RF,Inlier,0.4517481184711588,0.029295787368805642,0.7418658162070557,0.2446200325696065,5
Exp_022,XGB,Inlier,0.22849107426926568,0.029295787368805642,0.47257545053787187,0.14314149441635804,6
Exp_022,SVR,Inlier,0.5191398093569246,0.2451127863116344,0.7418658162070557,0.16897870849916746,1
Exp_022,LSTM,Inlier,0.4966569982406325,0.22035669697862023,0.5922806225246573,0.13883191254723476,2
Exp_022,CNN,Inlier,0.4769349607875612,0.17511465014939603,0.6158908430007259,0.1593291319492765,3
Exp_022,Transformer,Inlier,0.4626698551206303,0.35323908153941624,0.5922806225246573,0.07703463815941136,4
Exp_023,RF,Inlier,0.3464835279890817,-0.1816401245522582,0.7912403402468522,0.3359363090457189,1
Exp_023,XGB,Inlier,0.2069917258662199,-0.3147866741667175,0.6259425554648291,0.355003597170831,3
Exp_023,SVR,Inlier,0.34277905660172114,-0.07203097679480841,0.7912403402468521,0.3189201387802144,2
Exp_023,LSTM,Inlier,-0.10186736493906054,-0.3147866741667175,0.10016312402505428,0.13935893074801864,6
Exp_023,CNN,Inlier,0.017883032228057816,-0.1747724853047326,0.16499720115452796,0.1232457526900368,5
Exp_023,Transformer,Type2,0.136011680403579,-0.1747724853047326,0.38008724638310276,0.18283065817574606,4
Exp_024,RF,Inlier,0.22056388380660893,-0.2990664926677744,0.7912371918874845,0.3680679798549831,2
Exp_024,XGB,Inlier,-0.08555789737440876,-0.2990664926677744,0.030056145934518604,0.11289906019448281,6
Exp_024,SVR,Inlier,0.2535933901554428,-0.05672124754803842,0.7912371918874845,0.31107459698734913,1
Exp_024,LSTM,Inlier,0.004991407992754059,-0.0260975944065022,0.030056145934518615,0.02100605683814054,5
Exp_024,CNN,Inlier,0.1459603074202152,-0.02307888018492349,0.3981860499402836,0.16637034664074543,3
Exp_024,Transformer,Inlier,0.08657101415079294,-0.07897901240582604,0.3476241702482841,0.14750170520706854,4
Exp_025,RF,Inlier,0.20563166044710704,-0.04979330101645235,0.65985135865891,0.24514738767305122,4
Exp_025,XGB,Inlier,0.13208936279851508,-0.04979330101645235,0.28938364452922644,0.13068652417021923,5
Exp_025,SVR,Inlier,0.32822592924737015,0.11015261220373254,0.65985135865891,0.1899290963372744,1
Exp_025,LSTM,Inlier,0.08903422826187588,-0.02634738095126821,0.2058969085514341,0.07528891148690807,6
Exp_025,CNN,Inlier,0.23222134280606865,0.08058490592643418,0.5930064660255414,0.18780455292912282,3
Exp_025,Transformer,Type2,0.293937098006657,-0.026347380951268203,0.5930064660255414,0.2019133492376061,2
Exp_026,RF,Inlier,0.22647104905173573,-0.2886885624854326,0.8063384517681416,0.45735528084704097,2
Exp_026,XGB,Inlier,0.22390068408099517,-0.1748958511425142,0.7316267197802072,0.4102308848360805,3
Exp_026,SVR,Inlier,0.29246801762098673,-0.1931918659163523,0.8063384517681416,0.40805514989129404,1
Exp_026,LSTM,Inlier,-0.10209306929453069,-0.2886885624854327,0.01085424371416508,0.11504744740822015,5
Exp_026,CNN,Inlier,-0.18606328856302023,-0.36828263577985393,0.007051870208315279,0.1208056597653964,6
Exp_026,Transformer,Inlier,-0.00795155806956378,-0.368282635779854,0.1823538292401243,0.19246524533062007,4
Exp_027,RF,Inlier,0.3281284545372967,-0.29402749019023944,0.7968299575273012,0.43128899787426517,3
Exp_027,XGB,Inlier,-0.2499471443011363,-0.3805773299989598,-0.07867093435613545,0.11000104805919768,6
Exp_027,SVR,Inlier,0.3289509997233379,-0.17028002137061032,0.765911484318994,0.37962569667149143,2
Exp_027,LSTM,Inlier,0.3064186413141285,-0.07867093435613545,0.4434113696464763,0.1937741755663132,4
Exp_027,CNN,Inlier,0.016221371281996168,-0.3261799455897365,0.383093906196312,0.22920069719868097,5
Exp_027,Transformer,Type2,0.33122816663366966,-0.3805773299989598,0.7968299575273012,0.43189289182099655,1
Exp_028,RF,Inlier,0.3866668866301536,-0.008800956419209777,0.7601997330516228,0.2509254736280839,1
Exp_028,XGB,Inlier,0.19183156975021437,-0.4132741477617085,0.41409840591318575,0.30615079599510686,5
Exp_028,SVR,Inlier,0.32670124308821574,-0.3427968797581028,0.7601997330516228,0.37009984700352,2
Exp_028,LSTM,Inlier,0.25539608319176593,-0.2245174015669839,0.5235610260470045,0.2649910971566413,3
Exp_028,CNN,Inlier,-0.21172757315972576,-0.4132741477617085,-0.008800956419209777,0.1545595472707161,6
Exp_028,Transformer,Type2,0.24422879056034116,-0.06924848029262373,0.4317133837650263,0.17436804227150324,4
Exp_029,RF,Inlier,0.3788720001045713,-0.4286453516012919,0.8082553161094107,0.46558271024693426,3
Exp_029,XGB,Type1,-0.19056929744752021,-0.4286453516012919,0.047771613001397976,0.16274538524418275,6
Exp_029,SVR,Inlier,0.39201216290936813,-0.2183604121757192,0.8082553161094106,0.40230898035062657,2
Exp_029,LSTM,Inlier,0.44204495895788626,-0.08248620367724509,0.8054203353752295,0.3338868447016686,1
Exp_029,CNN,Inlier,0.2608755424858508,-0.2711261327847429,0.5339224031752227,0.32127871921699924,4
Exp_029,Transformer,Type2,0.11748734510821053,0.04736968703635405,0.24274953458877221,0.07835970972555852,5
Exp_030,RF,Inlier,0.4368424640245888,-0.24139484856413568,0.7462416625227343,0.38753105487893663,1
Exp_030,XGB,Inlier,0.3592479971118174,-0.17727657320143253,0.7203033595177547,0.38363787702882585,4
Exp_030,SVR,Inlier,0.4097943510917895,-0.2099726828859003,0.7462416625227344,0.35749817382561827,2
Exp_030,LSTM,Inlier,0.10054373622029508,-0.07714445166613006,0.24376300693438202,0.13301447286963083,5
Exp_030,CNN,Inlier,-0.17153489650005088,-0.24139484856413573,-0.07714445166613004,0.056011572530081565,6
Exp_030,Transformer,Type2,0.371489554909799,-0.15188592618265573,0.7152991397122089,0.3283056967822912,3
Exp_031,RF,Inlier,0.34021790812893654,-0.14879394949513847,0.7364004892904654,0.3399462750790911,1
Exp_031,XGB,Inlier,0.28252664797308186,-0.13738414599974036,0.7364004892904654,0.35717209756414986,3
Exp_031,SVR,Inlier,0.28851582457056496,-0.13197002326439405,0.7157940822171756,0.3418407566512103,2
Exp_031,LSTM,Inlier,0.05289300345538015,-0.1105051498566551,0.1802198977541492,0.10166394874648287,4
Exp_031,CNN,Inlier,-0.13532993645280675,-0.3697823310820125,0.11128076757725172,0.15230335067244608,6
Exp_031,Transformer,Type2,-0.004163542439460055,-0.3697823310820125,0.21746902087803094,0.2130743387144568,5
Exp_032,RF,Inlier,0.17264597080084743,-0.4085686080540793,0.7613907021211466,0.4735647952543549,3
Exp_032,XGB,Inlier,0.1819200742312727,-0.3392436921858759,0.7613907021211463,0.43802503839550083,2
Exp_032,SVR,Inlier,0.18952613774714244,-0.23791804435382738,0.6979710571877465,0.40391528552417416,1
Exp_032,LSTM,Inlier,-0.05632592646714814,-0.22702776606407243,0.23638098498735838,0.18504841639090103,5
Exp_032,CNN,Inlier,0.12761147365488773,0.003567033998092675,0.4087894025668987,0.14401037844450248,4
Exp_032,Transformer,Inlier,-0.06811199140790508,-0.4085686080540793,0.4087894025668987,0.3281487817594775,6
Exp_033,RF,Inlier,0.21588290784941347,-0.1419181740879446,0.7989763285585489,0.36080110433874846,1
Exp_033,XGB,Inlier,-0.008075870627658743,-0.3518150017459588,0.3611106598370309,0.23658102939149317,5
Exp_033,SVR,Inlier,0.21209348584595253,-0.13008989010287003,0.7989763285585489,0.36682197218896617,3
Exp_033,LSTM,Inlier,0.21550762770661488,-0.05856597592072371,0.4803707440838003,0.2089663599521837,2
Exp_033,CNN,Inlier,-0.09800120576478458,-0.35181500174595887,0.12727755927204537,0.15375678062281842,6
Exp_033,Transformer,Inlier,0.036673640502712754,-0.14027568284716832,0.3611106598370309,0.1907303251737723,4
Exp_034,RF,Inlier,0.4479227068408614,-0.23106972599208608,0.7088968055875394,0.3480858530424378,2
Exp_034,XGB,Inlier,0.4225666811235743,-0.2799607734205581,0.6276735994367294,0.3526239491333853,3
Exp_034,SVR,Inlier,0.417165212857204,-0.42078423788987723,0.7088968055875394,0.4252011358892915,4
Exp_034,LSTM,Type2,0.4752959957767196,-0.31034408251411766,0.7077053064027332,0.3937610647121044,1
Exp_034,CNN,Inlier,-0.32420064707923946,-0.4207842378898773,-0.23106972599208608,0.06802480535101618,6
Exp_034,Transformer,Type2,0.37055974604858233,-0.37884441557955806,0.7077053064027332,0.3831061018832173,5
Exp_035,RF,Inlier,0.3012304305714749,-0.17713036645766492,0.7776803762770796,0.37151219035707533,4
Exp_035,XGB,Inlier,-0.010334343862086915,-0.3188860712013162,0.3054291456361965,0.21830610998038638,5
Exp_035,SVR,Inlier,0.3250404177695026,-0.218771897960139,0.7776803762770796,0.3640670311364143,3
Exp_035,LSTM,Inlier,0.36604457425404735,0.03835420347983916,0.721649583254691,0.2559830829329392,2
Exp_035,CNN,Inlier,-0.11670050779279158,-0.3188860712013162,0.038354203479839144,0.13534691111979041,6
Exp_035,Transformer,Inlier,0.4210238484393237,0.008515546752188283,0.721649583254691,0.2450790829286515,1
Exp_036,RF,Inlier,0.06033608066434887,-0.4668727456322377,0.792804198952213,0.5458987220089152,3
Exp_036,XGB,Inlier,-0.1603261140622801,-0.32250546132548474,-0.032086780345510574,0.09526548968199003,5
Exp_036,SVR,Inlier,0.07056781627777912,-0.523724800910991,0.792804198952213,0.5648804712863541,2
Exp_036,LSTM,Inlier,0.10472361573731519,-0.43728325895813724,0.7016406541051619,0.48834555864421714,1
Exp_036,CNN,Inlier,-0.16963165677466718,-0.523724800910991,0.663635435450834,0.4350053400029835,6
Exp_036,Transformer,Type2,-0.13666743759319872,-0.4399645255465605,0.663635435450834,0.41765576876513155,4
Exp_037,RF,Inlier,0.04625682181811715,-0.4029366119433842,0.8199371061008491,0.4576185485553629,3
Exp_037,XGB,Inlier,-0.20863165444313045,-0.586931156251171,0.09847036635298861,0.259737253487426,6
Exp_037,SVR,Inlier,0.13402698385631634,-0.2539428871983582,0.8199371061008491,0.42074611165969783,2
Exp_037,LSTM,Inlier,-0.07069079953361958,-0.3089890752347988,0.09847036635298861,0.1398882401768016,4
Exp_037,CNN,Inlier,0.15453591457761653,-0.005634373351794682,0.4286712034792709,0.17889770581633455,1
Exp_037,Transformer,Type2,-0.20518353618966384,-0.586931156251171,0.0029288489011476126,0.2154641492845998,5
Exp_038,RF,Inlier,0.23254698236545995,-0.32883679231033913,0.8018948594157237,0.421168488075656,1
Exp_038,XGB,Inlier,0.13647908764362643,-0.36265981253124424,0.5620960463823098,0.3525794839170955,3
Exp_038,SVR,Inlier,0.20060376799540625,-0.436867989054958,0.8018948594157237,0.4988070488022551,2
Exp_038,LSTM,Inlier,0.06832354887422637,-0.31064781742116504,0.4203944624410628,0.3015994885317685,4
Exp_038,CNN,Inlier,-0.14057243698355917,-0.3444985392071067,0.3286646642524673,0.2482451536404238,5
Exp_038,Transformer,Inlier,-0.19028545968847022,-0.436867989054958,0.32866466425246726,0.27376160815230854,6
Exp_039,RF,Inlier,0.2748392873141479,-0.08845527603371692,0.7809964671433263,0.3013125804719657,2
Exp_039,XGB,Inlier,0.0944455422082376,-0.11459326383368867,0.42068369007613193,0.18689129516738948,4
Exp_039,SVR,Inlier,0.21710454374097016,-0.07131824600311136,0.7809964671433263,0.29713233271668726,3
Exp_039,LSTM,Inlier,0.08415889919116677,-0.043621399717458036,0.24977171556127564,0.0996509825956257,5
Exp_039,CNN,Inlier,-0.0237398986148596,-0.11459326383368867,0.14421491476649545,0.0939717285779536,6
Exp_039,Transformer,Type2,0.2918439153662348,0.14421491476649548,0.42306753093544625,0.11165532177982568,1
Exp_040,RF,Inlier,0.40348712788822666,0.09099801615913154,0.7908215200348978,0.2675082632488509,1
Exp_040,XGB,Inlier,0.1568887304250596,-0.09560573345419482,0.4938564167537092,0.2578577711717527,3
Exp_040,SVR,Inlier,0.34758027801632724,-0.17292179261877133,0.7908215200348977,0.3267513422861801,2
Exp_040,LSTM,Inlier,0.025851203984277527,-0.13101560787812638,0.16700974439318106,0.11723094680879265,5
Exp_040,CNN,Inlier,-0.0839305534973112,-0.2636464104678094,0.12086689393203902,0.13906548875284117,6
Exp_040,Transformer,Type2,0.1568285727395327,-0.26364641046780946,0.5732022809904253,0.3169450711850071,4
Exp_041,RF,Inlier,0.2797558461917875,-0.3377547581512227,0.8177196268311948,0.4034305783995967,3
Exp_041,XGB,Inlier,0.06569910190640971,-0.38113749640341804,0.6035862841722226,0.3271371298299929,4
Exp_041,SVR,Inlier,0.3020199669107388,-0.24751033992492044,0.8177196268311947,0.35908487743236417,1
Exp_041,LSTM,Inlier,-0.00629547666661871,-0.38113749640341804,0.4067379995968242,0.2802534814759837,5
Exp_041,CNN,Inlier,-0.19969316681482593,-0.3377547581512227,-0.09447894105455062,0.08579934644696839,6
Exp_041,Transformer,Inlier,0.28684683101577,-0.13552041714946586,0.6035862841722225,0.32400981133577544,2
Exp_042,RF,Inlier,0.09526588326232381,-0.4867365708889892,0.7768030400631906,0.4103017552146253,2
Exp_042,XGB,Inlier,-0.2022818575108869,-0.48673657088898914,0.041885524774759514,0.17677939016671523,5
Exp_042,SVR,Inlier,0.15709876699299274,-0.22479778693678884,0.7768030400631906,0.37504903486621244,1
Exp_042,LSTM,Inlier,0.08694382950060676,-0.3076666317229672,0.3491894824162559,0.2201184924022621,3
Exp_042,CNN,Inlier,-0.055486837590781914,-0.3653623374123851,0.17501368401417794,0.18590795196479715,4
Exp_042,Transformer,Inlier,-0.21405267944206413,-0.3653623374123851,0.09344144898689265,0.16063135073986404,6
Exp_043,RF,Inlier,0.4663482016721844,-0.1663973357196553,0.8251681883099641,0.3518313137107759,1
Exp_043,XGB,Inlier,0.34070506659991234,-0.3241887285978377,0.6894965899485788,0.40088763716646586,4
Exp_043,SVR,Inlier,0.4321731237445784,-0.19738018866638513,0.8251681883099642,0.35630644139336165,2
Exp_043,LSTM,Inlier,0.2487909126704027,0.07503421336509615,0.3525906271390491,0.10492193491102719,5
Exp_043,CNN,Inlier,-0.13173999277347576,-0.32418872859783765,0.18244315853225707,0.168354907800112,6
Exp_043,Transformer,Inlier,0.40829283734699207,-0.15317686941575767,0.6330434760260313,0.30265968960390277,3
Exp_044,RF,Inlier,0.17659106922130824,-0.5980428419566213,0.7792049516985201,0.4901783085543177,3
Exp_044,XGB,Inlier,-0.22213039324858325,-0.5980428419566213,0.35256368946516825,0.3241848741059587,6
Exp_044,SVR,Inlier,0.2017355807882882,-0.33121869545179694,0.7792049516985201,0.4049993993338144,2
Exp_044,LSTM,Inlier,0.2599866524147242,-0.12918554882878394,0.550470010411223,0.25735366285265676,1
Exp_044,CNN,Inlier,-0.10026992741147112,-0.5754248810160048,0.2943876548765217,0.3323478556938217,5
Exp_044,Transformer,Type2,-0.03720389304948657,-0.5754248810160048,0.35256368946516825,0.3189765800516401,4
Exp_045,RF,Inlier,0.3772979060863191,-0.41606498600360137,0.7950659550214996,0.4351061960350956,3
Exp_045,XGB,Type1,-0.10808631135978461,-0.4160649860036014,0.39638718184643745,0.2796479404406012,6
Exp_045,SVR,Inlier,0.3682598284663839,-0.19827577059812443,0.7950659550214995,0.3332340762374418,4
Exp_045,LSTM,Inlier,0.4141405942237326,-0.27931932450730224,0.7538028024868004,0.358673053121285,1
Exp_045,CNN,Inlier,0.2805477611253614,-0.04315865753633255,0.48292362349235374,0.17467189769281516,5
Exp_045,Transformer,Inlier,0.39873862738049504,0.3095638573161065,0.52812661645299,0.07219545482119744,2
Exp_046,RF,Inlier,0.41717153957094144,-0.3255831221133584,0.7919080598630032,0.40301606558127745,3
Exp_046,XGB,Inlier,0.2713281422245122,-0.1208270414407708,0.49312645066668004,0.210811910045208,5
Exp_046,SVR,Inlier,0.4623236504229668,-0.20369113675163758,0.7919080598630033,0.3563061593178222,1
Exp_046,LSTM,Inlier,0.4238913295538418,-0.1544974138909635,0.674309750909724,0.3036549893121725,2
Exp_046,CNN,Inlier,-0.22513775142420464,-0.3255831221133584,-0.12082704144077085,0.08441191091542857,6
Exp_046,Transformer,Inlier,0.33326477154515877,-0.3210900429242929,0.6554941199266344,0.3562378813421376,4
Exp_047,RF,Inlier,0.3069653214612855,-0.22386443366735861,0.6419821374780209,0.3517394080278164,2
Exp_047,XGB,Inlier,0.20904434954772105,-0.13229834664070939,0.47940026309596784,0.2676796983774778,4
Exp_047,SVR,Inlier,0.30711014709175993,-0.41934898505934426,0.6419821374780209,0.38118108236896187,1
Exp_047,LSTM,Inlier,0.27761242986946655,-0.30967628896240484,0.6305673572593385,0.3363751375015388,3
Exp_047,CNN,Inlier,-0.2588319944552766,-0.41934898505934426,-0.13229834664070939,0.09805138257330805,6
Exp_047,Transformer,Type2,0.033699659753461696,-0.20897191794656605,0.29675551521983196,0.18064615745407833,5
Exp_048,RF,Inlier,0.39652313143514617,-0.10656783888580224,0.7823285973408977,0.3440192191037044,1
Exp_048,XGB,Inlier,0.34114699389257575,-0.02153700097883765,0.7432721231946678,0.33463822585419556,3
Exp_048,SVR,Inlier,0.36998998513155623,-0.05013616343879286,0.7823285973408978,0.33260720469811994,2
Exp_048,LSTM,Inlier,0.17649765289862543,-0.02153700097883765,0.43285223568930753,0.14666806690495945,5
Exp_048,CNN,Inlier,0.037863018892390236,-0.10656783888580226,0.1737796781134141,0.10827959739219192,6
Exp_048,Transformer,Inlier,0.2900880948690132,0.14480306595716447,0.4474152598236081,0.12523921536205862,4
Exp_049,RF,Inlier,0.48365703818371814,0.10392889840357654,0.8064600238385038,0.254741471698587,1
Exp_049,XGB,Inlier,0.3308236673261572,-0.21990732540983754,0.63510630937945,0.3010719167468933,4
Exp_049,SVR,Inlier,0.4651206484074871,0.19684988662118041,0.8064600238385037,0.2417609494095968,2
Exp_049,LSTM,Inlier,0.0013317027024644635,-0.21990732540983754,0.19684988662118044,0.14463359770021542,6
Exp_049,CNN,Inlier,0.1504425319619021,-0.08148636060919656,0.3029473965722929,0.14018578574715093,5
Exp_049,Transformer,Type2,0.4107865233037873,0.007273414506599479,0.6895942864982582,0.3055693650748577,3
Exp_050,RF,Inlier,0.03201581203525774,-0.4945793826863078,0.7829282694883636,0.5406133338251499,3
Exp_050,XGB,Inlier,-0.1952990056643475,-0.4945793826863078,0.004448356245115331,0.17072760505265447,6
Exp_050,SVR,Inlier,0.15363939218825032,-0.32720882824972514,0.7829282694883635,0.48942583999855027,1
Exp_050,LSTM,Inlier,0.1386326551476882,-0.3141316693748834,0.7168450455730306,0.43741231523855534,2
Exp_050,CNN,Inlier,-0.14123976216192427,-0.32720882824972514,0.4735409246036623,0.30990384309140867,5
Exp_050,Transformer,Inlier,-0.1012208039857315,-0.39876590311287874,0.4735409246036624,0.30728082324366446,4
Exp_051,RF,Inlier,0.3425615460959236,-0.26645676850737127,0.6843392308882741,0.345830168226069,1
Exp_051,XGB,Inlier,-0.1551659696021058,-0.4381403955077003,-0.014696181526459379,0.16996315260358247,6
Exp_051,SVR,Inlier,0.3237034507534833,-0.03270533143122653,0.6843392308882741,0.24939721604439058,2
Exp_051,LSTM,Inlier,0.21856998325049065,-0.02892673951827474,0.487423006565207,0.2079494900761217,4
Exp_051,CNN,Inlier,0.2362951562571986,-0.43814039550770034,0.6059936332958065,0.35830986298938955,3
Exp_051,Transformer,Inlier,0.11562921244290467,-0.028926739518274753,0.291976344383859,0.1259317288512416,5
Exp_052,RF,Inlier,0.1684607757416013,-0.31009685657904074,0.7741384289198703,0.43317510576300305,2
Exp_052,XGB,Inlier,-0.17066643398538564,-0.5242730826792608,0.02485053095942294,0.213120764297977,6
Exp_052,SVR,Inlier,0.1665390409868602,-0.25707101632073276,0.7741384289198701,0.383495466479363,3
Exp_052,LSTM,Inlier,-0.08040454850098896,-0.5242730826792606,0.16236781994547744,0.24133292009826784,4
Exp_052,CNN,Inlier,-0.1444258263993578,-0.30130795523080467,-0.01360560647397617,0.11487414881837767,5
Exp_052,Transformer,Inlier,0.19669741423317139,-0.106262416459009,0.5172024416525041,0.24267263121528596,1
Exp_053,RF,Inlier,0.29343026596861777,-0.4134537459593094,0.7703366125770197,0.4099307735400169,3
Exp_053,XGB,Inlier,-0.20489664812020042,-0.4134537459593094,0.11467820570347745,0.17740052205535572,6
Exp_053,SVR,Inlier,0.30147144277624804,-0.2202569411184818,0.7703366125770197,0.37818990164428873,2
Exp_053,LSTM,Inlier,0.16410025861028885,-0.19390590087293244,0.36845967284384895,0.20659240039784765,4
Exp_053,CNN,Inlier,0.021693472993528955,-0.3115448583537558,0.21706896092395075,0.18347892212543118,5
Exp_053,Transformer,Inlier,0.3820032338362294,0.11467820570347746,0.6567124859874008,0.22705850680658632,1
Exp_054,RF,Inlier,0.12363762113000007,-0.3347253727082733,0.7615852051796874,0.4013959477321036,2
Exp_054,XGB,Inlier,-0.06323564436864373,-0.3360839718250138,0.4527162421643769,0.2846930873610343,4
Exp_054,SVR,Inlier,0.09687150974995673,-0.23011187103807698,0.7615852051796874,0.3931073340154019,3
Exp_054,LSTM,Inlier,-0.1516024448107164,-0.33608397182501387,0.05801332523126396,0.12551076740392086,5
Exp_054,CNN,Inlier,-0.19623013859753158,-0.3347253727082733,0.028737646523141702,0.12484750211385326,6
Exp_054,Transformer,Inlier,0.1459405290463886,-0.28103130581587854,0.45271624216437695,0.2975389000340622,1
Exp_055,RF,Inlier,0.18375548485511795,-0.5033379205439763,0.8179714052525433,0.4586037498896034,3
Exp_055,XGB,Type1,-0.23142525625113866,-0.5033379205439764,-0.005138424800144703,0.1916743690577336,6
Exp_055,SVR,Inlier,0.2043243534466029,-0.3371191853900961,0.8179714052525432,0.4239705703139196,2
Exp_055,LSTM,Inlier,0.23241862140615277,-0.01393662404758227,0.5536352616114035,0.22395207750651194,1
Exp_055,CNN,Inlier,-0.02234513659508482,-0.13909017077255387,0.22094042576376494,0.12759638558051525,5
Exp_055,Transformer,Inlier,0.010342613517770877,-0.2898046415927482,0.3366416418362543,0.20483585603233187,4
Exp_056,RF,Inlier,0.2395758765602432,-0.2701224413061527,0.8034618908320029,0.39931969453866584,2
Exp_056,XGB,Inlier,0.012138085429551342,-0.17872127263451143,0.2187997223114147,0.16416852969158813,4
Exp_056,SVR,Inlier,0.29074153439409184,-0.10432483995446609,0.8034618908320029,0.3656529533406883,1
Exp_056,LSTM,Inlier,-0.16475174293156156,-0.2844000667674614,0.013809906004783809,0.11058890207166447,6
Exp_056,CNN,Inlier,-0.041376835517653664,-0.17833651827238184,0.030582027330911157,0.07871644740809193,5
Exp_056,Transformer,Type2,0.2219628014386123,-0.2844000667674614,0.6166908262257486,0.3462523246004395,3
Exp_057,RF,Inlier,0.17395640977235102,-0.3345253762449576,0.6816752506148933,0.4197424846422141,3
Exp_057,XGB,Inlier,-0.02448557344455249,-0.1828142116278353,0.14762770675129822,0.14009398841853266,5
Exp_057,SVR,Inlier,0.22440877234195206,-0.2746897623403178,0.667162987603822,0.37703342559285674,2
Exp_057,LSTM,Inlier,0.25582019649387944,-0.33767558674235115,0.6816752506148933,0.38284752125261934,1
Exp_057,CNN,Inlier,0.03528485262616469,-0.045403106374124064,0.12031062424173486,0.0686381898330961,4
Exp_057,Transformer,Type2,-0.20600911530568194,-0.33767558674235115,0.0996593604270519,0.16281323098378023,6
Exp_058,RF,Inlier,0.21105637911471048,-0.2985503466916617,0.7001269067968258,0.35696458414407317,1
Exp_058,XGB,Inlier,-0.1010458791542436,-0.4642315536477085,0.16531682948019805,0.21362826042616762,4
Exp_058,SVR,Inlier,0.210063168272965,-0.17554119938861187,0.7001269067968258,0.3235362232751172,2
Exp_058,LSTM,Inlier,0.18580823587564535,-0.018986642487318198,0.49171125422594797,0.22792109395989632,3
Exp_058,CNN,Inlier,-0.21728567761735645,-0.531834653454887,0.006982399778689363,0.1880621858802806,6
Exp_058,Transformer,Type2,-0.1992780440933613,-0.5318346534548871,0.19420382851171925,0.2715476650658627,5
Exp_059,RF,Inlier,0.08878682246953826,-0.5050962837954467,0.7841641633372904,0.42319681230957146,2
Exp_059,XGB,Inlier,-0.19937293453360722,-0.5050962837954467,0.06901429553435348,0.20440878114539734,6
Exp_059,SVR,Inlier,0.09693766635574337,-0.22689690248387245,0.7841641633372906,0.35783583294324095,1
Exp_059,LSTM,Inlier,0.026960007980056787,-0.04353181832594849,0.06901429553435348,0.0437908769414508,3
Exp_059,CNN,Inlier,-0.0011378983803647879,-0.12592868086958203,0.2527001057551881,0.13526487698159168,5
Exp_059,Transformer,Type2,0.02243020517408162,-0.30934249284897963,0.25270010575518814,0.20543825838023191,4
Exp_060,RF,Inlier,0.3754536287596998,-0.2469600131215797,0.7643863572981047,0.39305518118050686,3
Exp_060,XGB,Inlier,0.39272947954749754,-0.3268207192795123,0.7521355082583153,0.3965746186095444,2
Exp_060,SVR,Inlier,0.3972663098159244,-0.31600275905550523,0.7643863572981047,0.39142348706216595,1
Exp_060,LSTM,Inlier,0.34656006892288055,0.029397210136687557,0.5352838310747163,0.21070381098150637,4
Exp_060,CNN,Inlier,-0.15647460538355165,-0.32682071927951223,0.07801325440215143,0.17446347900843007,6
Exp_060,Transformer,Inlier,0.18694790076091464,0.07801325440215143,0.3138074725933523,0.0951704384462732,5
Exp_061,RF,Inlier,0.4818818264224271,-0.06015134296123377,0.771040135025317,0.29216573160782994,1
Exp_061,XGB,Inlier,0.40961503510457337,-0.142263753305685,0.6291296894318416,0.28947956157118293,3
Exp_061,SVR,Inlier,0.4505901706158143,-0.05608233666800298,0.771040135025317,0.27820887902457453,2
Exp_061,LSTM,Inlier,0.3273981398730275,0.024818365680114054,0.4740042858021039,0.159153475469263,5
Exp_061,CNN,Inlier,-0.044184203041506234,-0.142263753305685,0.024818365680114043,0.06003313789202033,6
Exp_061,Transformer,Type2,0.3978041700505215,0.012758052047276508,0.6398883027200448,0.21995427815915936,4
Exp_062,RF,Inlier,0.3420467953793283,-0.48248430424258354,0.8089722935873309,0.4618715290911362,1
Exp_062,XGB,Inlier,-0.3967835342979983,-0.7662569196984221,-0.038422895512405325,0.2384149125009145,6
Exp_062,SVR,Inlier,0.3308185182437836,-0.28819217624131077,0.808972293587331,0.398166959741154,2
Exp_062,LSTM,Inlier,0.10404020104491177,-0.12187917120849963,0.2894988998536704,0.16656679731151652,4
Exp_062,CNN,Inlier,-0.005242081374264828,-0.7662569196984222,0.3775237909280355,0.4201811025637537,5
Exp_062,Transformer,Type2,0.30635551365822894,-0.4085613757952698,0.749461583963122,0.4276123378724356,3
Exp_063,RF,Inlier,0.30027912196886697,-0.19516040795994533,0.7884832033097435,0.40040587630515373,3
Exp_063,XGB,Inlier,0.31254102690515567,-0.2003037839704533,0.7699707956797119,0.37922231503110887,2
Exp_063,SVR,Inlier,0.3301619607006624,-0.24740820147275305,0.7884832033097435,0.40312122081340396,1
Exp_063,LSTM,Inlier,0.13157784198237085,-0.06888382283338382,0.49912196484177107,0.1935254717940611,5
Exp_063,CNN,Inlier,-0.1317227489765142,-0.24740820147275303,0.11773496711970531,0.12987921002513136,6
Exp_063,Transformer,Inlier,0.223599323017538,-0.13347631859912465,0.4991219648417711,0.20368864902573267,4
Exp_064,RF,Inlier,0.27799038363934514,-0.2049510540546795,0.763966001442175,0.3976822536015546,1
Exp_064,XGB,Inlier,0.262559690708858,-0.12249885431740866,0.7949666745463105,0.4024505875595818,2
Exp_064,SVR,Inlier,0.23254214780689225,-0.340458836724261,0.7949666745463106,0.499888620017445,3
Exp_064,LSTM,Inlier,0.015268073594395975,-0.3372330513278369,0.2776829835534753,0.22832154099663382,4
Exp_064,CNN,Inlier,-0.12852181916453861,-0.340458836724261,0.25186958759881517,0.21651029291874757,6
Exp_064,Transformer,Inlier,-0.10686797690581713,-0.3334460837832386,0.25186958759881517,0.1952238583317879,5
Exp_065,RF,Inlier,0.48362860841412925,-0.17959564032176883,0.7875690001647659,0.3530260021880587,1
Exp_065,XGB,Inlier,0.41507830980941085,-0.20822338996468698,0.7875690001647659,0.3415580202276165,4
Exp_065,SVR,Inlier,0.44699102535812,0.027916224065194617,0.6917396150904086,0.2271023807244921,3
Exp_065,LSTM,Inlier,0.32854957061366247,0.005783956562368867,0.4622442512045079,0.16559464102274873,5
Exp_065,CNN,Inlier,0.45275535530704614,0.15712233054275887,0.6936654311517138,0.17779963228333243,2
Exp_065,Transformer,Inlier,-0.039399303823226706,-0.20822338996468698,0.15712233054275887,0.13663838766390587,6
Exp_066,RF,Inlier,0.1781264120340467,-0.10383775466889371,0.7764431380436235,0.321505742788859,2
Exp_066,XGB,Inlier,-0.1092197509811342,-0.3297309776643447,0.23351496004889527,0.2119202708998252,6
Exp_066,SVR,Inlier,0.10114486236891973,-0.31251408377123846,0.7764431380436235,0.40175443627622537,3
Exp_066,LSTM,Inlier,0.2355999717296468,-0.18090702331866337,0.5397268727899249,0.259017887850311,1
Exp_066,CNN,Inlier,0.0802464472362419,-0.3125140837712385,0.5736564091242737,0.3960135892506442,4
Exp_066,Transformer,Type2,0.07174596897102922,-0.3297309776643447,0.5736564091242737,0.3805239961112812,5
Exp_067,RF,Inlier,0.29761153500933607,-0.3370312477829215,0.8023015817136003,0.5103284881416222,2
Exp_067,XGB,Inlier,-0.13806088974691372,-0.2942021482401949,0.036067673991677957,0.13301468774997344,5
Exp_067,SVR,Inlier,0.22974298401238163,-0.3945025686869546,0.7888318198502937,0.48740485949912543,4
Exp_067,LSTM,Inlier,0.27381370597339777,-0.10117251224805711,0.5281576695059027,0.2590691029881669,3
Exp_067,CNN,Inlier,-0.2112874921227986,-0.3945025686869546,-0.0812721903705219,0.12895418816602444,6
Exp_067,Transformer,Inlier,0.3575743136414161,-0.14245894152553784,0.8023015817136002,0.38496207372529223,1
Exp_068,RF,Inlier,0.19397436495360307,-0.3589426804944031,0.785364284509037,0.3916024701375785,2
Exp_068,XGB,Inlier,0.16293864042103254,-0.35898824972796717,0.604934774996924,0.41262456328651387,3
Exp_068,SVR,Inlier,0.22669168985285362,-0.3262849762537813,0.785364284509037,0.41365198180589796,1
Exp_068,LSTM,Inlier,-0.01581195496271267,-0.3145454639971782,0.14226708770213212,0.1646075450945818,5
Exp_068,CNN,Inlier,-0.2287484179640989,-0.35898824972796717,0.08737536215303805,0.17035946998478294,6
Exp_068,Transformer,Type2,0.10868699591739675,-0.18690154549738086,0.43215511538929563,0.20097879194276833,4
Exp_069,RF,Inlier,0.3632692726570038,-0.10583091289286946,0.8090614832739791,0.35231706521987716,2
Exp_069,XGB,Inlier,-0.04383322367863296,-0.2711720664524492,0.19107638934896112,0.16085719656853897,6
Exp_069,SVR,Inlier,0.3682063887022652,-0.06874409487884468,0.8090614832739791,0.3335981333595,1
Exp_069,LSTM,Type2,0.335446499272546,0.04010691690735061,0.6611181010369942,0.2470005649401755,3
Exp_069,CNN,Inlier,0.01797467068438436,-0.10931511060604902,0.21968624390897046,0.11401487657703649,5
Exp_069,Transformer,Type2,0.2012249865545189,-0.2711720664524492,0.5070675945950542,0.2621378132273897,4
Exp_070,RF,Inlier,0.21047753036912456,-0.12331027336915318,0.7841162524690478,0.316635608509815,2
Exp_070,XGB,Inlier,0.05114697686350632,-0.2715330243564097,0.29019037468839765,0.2595616789929901,3
Exp_070,SVR,Inlier,0.24045050516445315,-0.02967422913108761,0.7841162524690478,0.29557996238018114,1
Exp_070,LSTM,Inlier,-0.0597280012035345,-0.2715330243564097,0.062378473560379524,0.11182931995281012,5
Exp_070,CNN,Inlier,-0.16475589583068348,-0.49347185788500814,0.06237847356037952,0.19698783052210006,6
Exp_070,Transformer,Type2,0.032586944032006813,-0.49347185788500814,0.29019037468839765,0.28268116980438385,4
Exp_071,RF,Inlier,0.3482353981279873,-0.2749199276079666,0.7707134280123225,0.45061110606033006,3
Exp_071,XGB,Inlier,-0.11958565908795678,-0.2749199276079666,0.11746190686121914,0.13450539370607587,6
Exp_071,SVR,Inlier,0.33729026186170635,-0.16430454714838286,0.7707134280123222,0.41448287295378544,4
Exp_071,LSTM,Inlier,0.41862768002392486,-0.08249218362814295,0.7524295458575293,0.34876673741250264,1
Exp_071,CNN,Inlier,-0.06306864270955684,-0.2081846840528002,0.08978343783844256,0.1259771311684101,5
Exp_071,Transformer,Inlier,0.38377546291468995,0.08978343783844255,0.610042052496924,0.2324964516627462,2
Exp_072,RF,Inlier,0.3897195944956339,-0.2836384177532827,0.7107414671323814,0.35035570978570973,1
Exp_072,XGB,Inlier,0.30767498313885544,-0.025122229962459948,0.6088852202905186,0.27713503376262955,4
Exp_072,SVR,Inlier,0.385776950805506,0.009480038737050979,0.7107414671323814,0.26957082569041385,2
Exp_072,LSTM,Inlier,0.10711662181027912,-0.36385858982880137,0.44254263644841324,0.28601671877303336,5
Exp_072,CNN,Inlier,0.3521419874037308,0.1349105798598446,0.47006706636013934,0.12172393075759333,3
Exp_072,Transformer,Inlier,-0.09991058299312797,-0.3638585898288014,0.1349105798598446,0.19038727127507196,6
Exp_073,RF,Inlier,0.2177624634119703,-0.522402982519608,0.7337777187607557,0.47589042296541284,4
Exp_073,XGB,Type1,-0.18863059198432283,-0.5224029825196082,0.09633643935927175,0.2245005181033821,6
Exp_073,SVR,Inlier,0.3319582132816733,-0.26119328523367147,0.7812537855201683,0.4538668454904816,3
Exp_073,LSTM,Inlier,0.3530121535008136,-0.07902597721994982,0.7012883507488225,0.2959129589022703,2
Exp_073,CNN,Inlier,-0.15888808973830132,-0.28085462470568856,-0.07902597721994979,0.06911721343139786,5
Exp_073,Transformer,Type2,0.3918987907123432,-0.10974899810755998,0.7812537855201683,0.36399409400004396,1
Exp_074,RF,Inlier,0.10930506939896627,-0.5024675296794612,0.7844254821596265,0.460242042276082,4
Exp_074,XGB,Inlier,-0.04875211595257535,-0.5024675296794612,0.4249453597301343,0.32382952800805104,5
Exp_074,SVR,Inlier,0.2045482227390026,-0.35070061625768856,0.7844254821596267,0.4335188747235522,3
Exp_074,LSTM,Inlier,0.2957231431723333,-0.23092532251638226,0.576082234096208,0.29654309874173884,1
Exp_074,CNN,Inlier,-0.26368515151614824,-0.35070061625768856,-0.14343220191272246,0.07267476818626775,6
Exp_074,Transformer,Inlier,0.21590024121868026,-0.32039685915283944,0.576082234096208,0.30599097385090424,2
Exp_075,RF,Inlier,0.22500328357175628,-0.4211466437021562,0.7790907549502343,0.49099889323515705,1
Exp_075,XGB,Inlier,-0.24943064945788623,-0.458064724531276,-0.10760874231904592,0.11540141765924192,6
Exp_075,SVR,Inlier,0.20804117479618336,-0.44670009666040866,0.7790907549502343,0.4640454376079482,2
Exp_075,LSTM,Inlier,0.05774210144508324,-0.458064724531276,0.30920088448522565,0.2743015834976589,4
Exp_075,CNN,Inlier,-0.24089572713545088,-0.44670009666040866,0.2570072267517145,0.2627713314770781,5
Exp_075,Transformer,Type2,0.16524242656997662,-0.3869187561108171,0.7156372352870523,0.45368961251286155,3
Exp_076,RF,Inlier,0.22234118115688709,-0.21433019963303,0.7888464547541456,0.3574542367969185,2
Exp_076,XGB,Inlier,-0.03650902407410881,-0.3352824183905814,0.2680816740041836,0.21469349847626007,5
Exp_076,SVR,Inlier,0.3199154144325613,-0.1908034783074688,0.7888464547541456,0.3447079417372482,1
Exp_076,LSTM,Inlier,0.19814354359513103,0.017772094535806485,0.3677696195507183,0.14146659628466762,4
Exp_076,CNN,Inlier,0.19926682858690384,-0.3397308123278468,0.552550747052334,0.29376659240326813,3
Exp_076,Transformer,Type2,-0.18244346683320528,-0.33973081232784685,0.058740301032235334,0.14987610658950956,6
Exp_077,RF,Inlier,0.5011027293278378,0.05029631371612263,0.6986702627015378,0.24007182703827984,1
Exp_077,XGB,Inlier,0.46123242119529617,-0.02109748155582432,0.6735591116878868,0.24794306093149207,3
Exp_077,SVR,Inlier,0.3912908546059413,-0.22497237049595947,0.6839080262282864,0.3222349073426937,5
Exp_077,LSTM,Inlier,0.46595400550871685,-0.030666140720788465,0.6986702627015378,0.2555130963940172,2
Exp_077,CNN,Inlier,-0.05612588799523556,-0.22497237049595947,0.050296313716122615,0.09133866240204758,6
Exp_077,Transformer,Type2,0.4022152683146592,-0.054189760919728186,0.6735591116878867,0.24555346898100122,4
Exp_078,RF,Inlier,0.5370660589514669,0.3578667624068175,0.7456051728101545,0.1561981781104776,1
Exp_078,XGB,Inlier,0.28698225485749,0.07066847434728182,0.4752431235500215,0.134489768359379,5
Exp_078,SVR,Inlier,0.44243675201428834,0.22068020644982322,0.6982882244777393,0.1956091655012732,3
Exp_078,LSTM,Inlier,0.24376903119454713,0.07066847434728178,0.4083270115126014,0.11684207796789509,6
Exp_078,CNN,Inlier,0.3073271712831983,0.18822697944707145,0.47322090989599175,0.10112273352161702,4
Exp_078,Transformer,Type2,0.5038658605333904,0.3153247070469203,0.7456051728101545,0.17171980445392548,2
Exp_079,RF,Inlier,0.16742899613022866,-0.20208316495985737,0.8178081716185327,0.37208073333059716,2
Exp_079,XGB,Inlier,-0.04348525314002311,-0.15960372795011293,0.037410696285573974,0.0760947184968139,5
Exp_079,SVR,Inlier,0.19013851927353653,-0.3242989553273381,0.8178081716185327,0.3698935129560984,1
Exp_079,LSTM,Inlier,0.08456312215391616,-0.11224692766501095,0.3015794260826324,0.15884445130204344,3
Exp_079,CNN,Inlier,-0.014850886455220823,-0.41379337086802165,0.18481843210881027,0.20660339509945308,4
Exp_079,Transformer,Inlier,-0.22901614578630203,-0.41379337086802165,-0.09265831011128209,0.1234304110094144,6
Exp_080,RF,Inlier,0.16684529318284055,-0.46670733935753284,0.784736593860373,0.4538354718389078,2
Exp_080,XGB,Type1,-0.37434241291951525,-0.47467402661412306,-0.21297406484169773,0.09628515966016875,6
Exp_080,SVR,Inlier,0.11293556739654394,-0.30708424395495326,0.7847365938603729,0.39543028961865956,3
Exp_080,LSTM,Inlier,0.07271045320688867,-0.3834369107675859,0.38059118321838603,0.265828987981467,4
Exp_080,CNN,Inlier,-0.00908116066055219,-0.3339197230166368,0.3805911832183861,0.31030613807344676,5
Exp_080,Transformer,Type2,0.20201784903143608,-0.47467402661412306,0.5595650567830894,0.35250961747445936,1
Exp_081,RF,Inlier,0.2970678392457323,-0.3178846255702253,0.8333898559288724,0.4085785803941393,1
Exp_081,XGB,Inlier,0.29622394526652485,-0.32767564269536475,0.8333898559288726,0.41612017635995496,2
Exp_081,SVR,Inlier,0.22588375024435692,-0.17236324126850777,0.6571244722357624,0.36325220978748785,3
Exp_081,LSTM,Inlier,0.023716333484986897,-0.2564416059893795,0.3789915318927505,0.2243949053824766,5
Exp_081,CNN,Inlier,-0.2446212086971445,-0.32767564269536475,-0.12280583442078917,0.0766682243254479,6
Exp_081,Transformer,Inlier,0.15283517322506107,-0.1982983348099637,0.3789915318927504,0.19508444325354599,4
Exp_082,RF,Inlier,0.3299015462483649,0.06309128548292223,0.7809369463701584,0.24294673944082285,1
Exp_082,XGB,Inlier,-0.05413984674761545,-0.5701707421547388,0.2043007981131286,0.26742960423094575,6
Exp_082,SVR,Inlier,0.32430626155315,0.0974189340157898,0.7809369463701584,0.23915370449514095,2
Exp_082,LSTM,Inlier,0.1355465451278748,-0.026714844298959303,0.3399446511378459,0.16101624597515937,3
Exp_082,CNN,Inlier,0.10743448462654881,-0.005408303274513582,0.26037181050592456,0.11025125292605666,4
Exp_082,Transformer,Type2,-0.046730716718292147,-0.5701707421547388,0.20516303774497344,0.27208465804756615,5
Exp_083,RF,Inlier,0.02001919043515877,-0.3771303694628143,0.77199896675175,0.39201787351251777,3
Exp_083,XGB,Inlier,-0.07922971457266674,-0.3771303694628143,0.3446313862497068,0.2542706491912209,5
Exp_083,SVR,Inlier,0.06843406722456832,-0.22461085770511818,0.77199896675175,0.3618169629554902,2
Exp_083,LSTM,Inlier,-0.09129773317464598,-0.19901941174073481,0.11421610569200902,0.11328758823795748,6
Exp_083,CNN,Inlier,-0.017980331253484666,-0.05844150290318759,0.05998067979562666,0.04351364017411274,4
Exp_083,Transformer,Inlier,0.06981896313623352,-0.09960514005920972,0.3446313862497068,0.15324789444860915,1
Exp_084,RF,Inlier,0.35751507047404907,-0.443403938029756,0.8090491356355624,0.4224962823041739,2
Exp_084,XGB,Inlier,0.3016614538846291,-0.2931039862650662,0.6415886563651325,0.32847302741712253,3
Exp_084,SVR,Inlier,0.4252068340320717,-0.34849899285756214,0.8090491356355624,0.4052981724736716,1
Exp_084,LSTM,Inlier,0.2468661390947655,-0.048981697314814096,0.42976380532725955,0.17334312641509056,5
Exp_084,CNN,Inlier,0.26115466716063107,-0.4055460034952113,0.5941315656899664,0.35470694467978947,4
Exp_084,Transformer,Inlier,-0.30790692359248195,-0.443403938029756,-0.048981697314814096,0.1391416161249742,6
Exp_085,RF,Inlier,0.24691306202580182,-0.17454523027837196,0.8201674598610097,0.457855043644563,2
Exp_085,XGB,Inlier,-0.11719819693326716,-0.5852445125752971,0.3391266502902956,0.30380537414030595,5
Exp_085,SVR,Inlier,0.17922016447462658,-0.2755942245563837,0.7880357780835698,0.4579882813399692,3
Exp_085,LSTM,Inlier,-0.17926884994454967,-0.5852445125752971,0.3622568545309593,0.30593432438732454,6
Exp_085,CNN,Inlier,-0.1071219623018818,-0.2755942245563837,0.3622568545309593,0.23832492476832637,4
Exp_085,Transformer,Type2,0.2769421860612445,-0.25450785160461564,0.8201674598610096,0.4373760649088894,1
Exp_086,RF,Inlier,0.31089096190091414,-0.27367885358922894,0.7087884911263715,0.4180946853169806,1
Exp_086,XGB,Inlier,0.26904534361014537,-0.22763542771489387,0.5930326107778048,0.3154930100896923,4
Exp_086,SVR,Inlier,0.3054680782411475,-0.25675582490656856,0.7087884911263717,0.4054541532523124,2
Exp_086,LSTM,Inlier,0.27340564411371937,-0.2564996132552499,0.6494467508069395,0.37502423151986236,3
Exp_086,CNN,Inlier,-0.13855219415619452,-0.27367885358922894,0.3218087486849688,0.23065598898754347,6
Exp_086,Transformer,Inlier,0.00978161607218082,-0.11750788036328304,0.3218087486849688,0.1651956220329694,5
Exp_087,RF,Inlier,0.3236110864011394,-0.4360707909809841,0.7728846054761157,0.45102030945138144,3
Exp_087,XGB,Inlier,-0.17396838027348135,-0.4360707909809841,0.08059235512616986,0.16465195083669662,6
Exp_087,SVR,Inlier,0.36621799645720143,-0.1606696980811676,0.7390183823591182,0.3496187036834471,2
Exp_087,LSTM,Inlier,0.07948780084089374,-0.2073350482518739,0.3887854973832802,0.194550717882483,5
Exp_087,CNN,Inlier,0.31836421741583976,-0.14635871917955096,0.5210958757712673,0.23757375427507385,4
Exp_087,Transformer,Type2,0.4201895359674877,-0.012151350759176748,0.7728846054761157,0.3280728629522983,1
Exp_088,RF,Inlier,0.34808735236555666,-0.04465541363965186,0.7920428326808748,0.30887099200470697,2
Exp_088,XGB,Inlier,0.12994834801791094,-0.25084968271721025,0.592408860323138,0.28141083322185834,5
Exp_088,SVR,Inlier,0.383721179692991,-0.09357987675971256,0.7920428326808748,0.3015161492190808,1
Exp_088,LSTM,Inlier,0.19273942705015434,-0.0014805611483761916,0.38554171874666754,0.16253343032577028,4
Exp_088,CNN,Inlier,-0.12029140920087156,-0.2611692782364949,0.04879720534871172,0.11993106864176174,6
Exp_088,Transformer,Inlier,0.32431973201350506,-0.26116927823649494,0.592408860323138,0.33628345964950823,3
Exp_089,RF,Inlier,0.1353264061796857,-0.5040423637195122,0.7760740093116436,0.4973128579113221,3
Exp_089,XGB,Inlier,-0.07467272834475984,-0.5040423637195122,0.5588824209504469,0.35494316954645133,5
Exp_089,SVR,Inlier,0.1801450052557178,-0.2931422630336639,0.7760740093116436,0.4041726995029643,2
Exp_089,LSTM,Inlier,0.2209390305192631,-0.2030917257064333,0.5208749059348922,0.29738601607425114,1
Exp_089,CNN,Inlier,0.1245092332191708,-0.2231383922891555,0.40472105425464094,0.21719801445342796,4
Exp_089,Transformer,Inlier,-0.07945738843574382,-0.3693819005956934,0.5588824209504469,0.33404176517402817,6
Exp_090,RF,Inlier,0.34341437342603864,-0.1011483660391852,0.8200843027297258,0.38185392244695454,1
Exp_090,XGB,Inlier,0.2051678973831217,-0.2069939385627002,0.3951906387204667,0.24139013645906116,4
Exp_090,SVR,Inlier,0.32306089546835076,-0.16873856554709954,0.8200843027297258,0.4109139589770139,2
Exp_090,LSTM,Inlier,0.28421408744832993,-0.33262269157197016,0.7010121430804465,0.40394559702833505,3
Exp_090,CNN,Inlier,-0.19873138249285796,-0.33262269157197016,-0.10114836603918521,0.08052142162404348,6
Exp_090,Transformer,Inlier,-0.08458917647380597,-0.22064787464864843,0.0650462000388527,0.10283780658165144,5
Exp_091,RF,Inlier,0.46797318749224165,0.04220741871333826,0.7556157493616245,0.2441900174405556,2
Exp_091,XGB,Inlier,0.30279281529183766,0.040531526181623256,0.4678285364525274,0.1680532619412723,4
Exp_091,SVR,Inlier,0.4036377898341743,-0.014473496423037226,0.7556157493616245,0.2500883506195736,3
Exp_091,LSTM,Inlier,0.2914155642420965,0.08572046479118323,0.4262692424558429,0.13811573436043773,5
Exp_091,CNN,Inlier,0.11998374511571346,-0.014473496423037212,0.4459328123154598,0.16604657697850408,6
Exp_091,Transformer,Type2,0.49169561339428236,0.4133383869536479,0.647944990477875,0.08509350296381038,1
Exp_092,RF,Inlier,0.20402036924799716,-0.2959550015921945,0.820248704756606,0.38742313852078497,1
Exp_092,XGB,Inlier,-0.2341668567398647,-0.4088522945092572,-0.09145532545931065,0.10871527201103155,6
Exp_092,SVR,Inlier,0.130121258817459,-0.2302638601156797,0.8202487047566062,0.36398363813555323,2
Exp_092,LSTM,Inlier,0.1004972063547012,-0.1874133710504944,0.27195127358522975,0.1605269187497527,3
Exp_092,CNN,Inlier,-0.04840658401351462,-0.23026386011567967,0.2719512735852297,0.1778599696070738,5
Exp_092,Transformer,Type2,0.050214993951273455,-0.4088522945092572,0.391474252543767,0.2641238814928215,4
Exp_093,RF,Inlier,0.48245726659302035,0.15158655317501882,0.8291116493645239,0.23290832971889636,1
Exp_093,XGB,Inlier,0.18779547700646965,0.03337441957663692,0.46618111795115724,0.1512863588689103,6
Exp_093,SVR,Inlier,0.4629408245018013,0.20689291917237718,0.8291116493645239,0.20205687172490086,2
Exp_093,LSTM,Inlier,0.31834135886596704,0.03337441957663692,0.5161589506393837,0.17405945436264675,4
Exp_093,CNN,Inlier,0.21302937477594938,0.03905220232904383,0.41419845950512524,0.14080707949991617,5
Exp_093,Transformer,Inlier,0.3820526240409766,0.03905220232904383,0.5977620042956493,0.18591563816980444,3
Exp_094,RF,Inlier,0.6270881706417375,0.5115102618762108,0.7335382280834115,0.08246534152579359,1
Exp_094,XGB,Inlier,0.5047845586977353,0.33489839304921676,0.680940151604527,0.1485031436068008,4
Exp_094,SVR,Inlier,0.5553559674601442,0.3265698093647471,0.7335382280834115,0.15275006075551473,2
Exp_094,LSTM,Inlier,0.5336457978875236,0.238611413515032,0.6567483861513931,0.15620002162081575,3
Exp_094,CNN,Inlier,0.43436123787070724,0.218682786080456,0.6321018455829842,0.14727039688812354,5
Exp_094,Transformer,Type2,0.3260545327771325,0.21868278608045597,0.5115102618762108,0.10358310472767829,6
Exp_095,RF,Inlier,0.39062522447201414,-0.16142853703040716,0.7959110067507422,0.32260918923491844,1
Exp_095,XGB,Inlier,0.29840073696196784,-0.2423667261077529,0.6150927433369016,0.29423041980242,3
Exp_095,SVR,Inlier,0.36036073212091607,-0.2996461588015066,0.7959110067507422,0.4091170242544091,2
Exp_095,LSTM,Inlier,0.2034890136318192,-0.27607623540030335,0.6156152151782683,0.3833473503851319,4
Exp_095,CNN,Inlier,-0.18907281561827344,-0.29964615880150663,-0.011375053240327393,0.09912372469974898,6
Exp_095,Transformer,Type2,0.06729913012220022,-0.2760762354003034,0.2769005758746457,0.20497633235723334,5
Exp_096,RF,Inlier,0.4006271357468945,-0.15950307687229637,0.8810214919257044,0.43631641845996105,1
Exp_096,XGB,Inlier,0.38990558940536024,-0.18173167569638776,0.8810214919257044,0.4385371063076043,2
Exp_096,SVR,Inlier,0.38179277471062883,-0.2412780949104807,0.8126155158616603,0.43738214310760126,3
Exp_096,LSTM,Inlier,-0.07631017352689452,-0.18173167569638773,0.14295091002538568,0.12075217782575735,5
Exp_096,CNN,Inlier,-0.14595239728937423,-0.2412780949104807,-0.06749680609610377,0.06955140954651257,6
Exp_096,Transformer,Inlier,0.3166195996829794,-0.20275583700348115,0.5794142349681667,0.30383390054906784,4
Exp_097,RF,Inlier,0.5109601516151197,0.11626403662285877,0.8082433139364047,0.24732811997094262,2
Exp_097,XGB,Inlier,0.30970055418909553,-0.11318307404201977,0.5314875092178928,0.22920216052501177,4
Exp_097,SVR,Inlier,0.4687212436646696,0.17564499215789922,0.8082433139364047,0.2419258208605298,3
Exp_097,LSTM,Inlier,0.516378473351076,0.2718298938563602,0.7293488178379222,0.16767032215228592,1
Exp_097,CNN,Inlier,0.12713055528354045,-0.25128004770411777,0.27182989385636025,0.19736512877667747,6
Exp_097,Transformer,Type2,0.14234063833316815,-0.25128004770411777,0.5082759352211749,0.2890328066076675,5
Exp_098,RF,Inlier,0.46230200835927643,0.24481797014051268,0.8722917142204576,0.25721121583188855,1
Exp_098,XGB,Inlier,0.4040256984828277,0.08638226014222612,0.8722917142204575,0.28878296628951083,2
Exp_098,SVR,Inlier,0.3977208478871053,0.060138049333208286,0.6602054669328148,0.21465172360147564,3
Exp_098,LSTM,Inlier,0.13525503132209366,-0.13396107520902004,0.3380106541381017,0.1628949129931212,5
Exp_098,CNN,Inlier,0.22987268399712737,0.12204436624662458,0.333093721709419,0.06859787303019785,4
Exp_098,Transformer,Inlier,0.12336506964400192,-0.13396107520902,0.2703959392100615,0.14628625304953954,6
Exp_099,RF,Inlier,0.3388445830936025,-0.21280444046244743,0.8321370522671541,0.39525222117957737,1
Exp_099,XGB,Inlier,0.31773407362140144,-0.18797221053122187,0.8321370522671541,0.36965418630567926,2
Exp_099,SVR,Inlier,0.18519275571395036,-0.23225261014869697,0.7102749824017169,0.4011325047979308,3
Exp_099,LSTM,Inlier,0.051219540984987245,-0.1366214331848341,0.14625614263648706,0.10359149603269821,5
Exp_099,CNN,Inlier,-0.12510582120909736,-0.23225261014869691,0.1462561426364871,0.13924604667163443,6
Exp_099,Transformer,Inlier,0.10677900192796616,-0.13875598753960772,0.3347860667820021,0.1758569022975253,4
Exp_100,RF,Inlier,0.2539730690793913,-0.18503817812370554,0.785503105212169,0.3751978780836224,1
Exp_100,XGB,Inlier,0.2092288007036495,-0.17847108727571118,0.7496279302803761,0.3837644799176145,3
Exp_100,SVR,Inlier,0.23103458113880798,-0.30012617000905717,0.785503105212169,0.4539486721664905,2
Exp_100,LSTM,Inlier,-0.08451764822016365,-0.3185634031652187,0.28697477929558296,0.20092331288417034,5
Exp_100,CNN,Inlier,-0.11767448290906449,-0.30012617000905717,0.28697477929558296,0.206933200454515,6
Exp_100,Transformer,Type2,-0.04686802454466341,-0.3185634031652187,0.17695343383151174,0.1865588441847976,4
