experiment,model,val_rmse,train_rmse,gap_ratio,median_r,deviation,outlier,otype
Exp_001,RF,33.835834034636505,23.17496060727179,1.4600168953046493,25.975251634049187,7.860582400587319,False,Inlier
Exp_001,XGB,35.9179617404153,20.71832726048742,1.7336323192903504,25.975251634049187,9.942710106366114,False,Inlier
Exp_001,SVR,32.680525017784284,25.726022562382607,1.2703294859723386,25.975251634049187,6.705273383735097,False,Inlier
Exp_001,LSTM,19.26997825031409,12.369839912186617,1.5578195342147914,25.975251634049187,-6.705273383735097,False,Inlier
Exp_001,CNN,19.195279113218827,11.461374182205695,1.6747799005655335,25.975251634049187,-6.779972520830359,False,Inlier
Exp_001,Transformer,8.18403983345667,4.431639118623036,1.8467297571828343,25.975251634049187,-17.791211800592517,False,Inlier
Exp_002,RF,35.536945866567805,9.459894476742388,3.7565900924092883,26.765010575946707,8.771935290621098,False,Inlier
Exp_002,XGB,35.71700188471609,31.333870849327628,1.1398847610135763,26.765010575946707,8.951991308769383,False,Inlier
Exp_002,SVR,32.45409479904099,24.825474053205102,1.3072900331927797,26.765010575946707,5.68908422309428,False,Inlier
Exp_002,LSTM,18.162131113715617,8.011482105080153,2.2670126295606208,26.765010575946707,-8.60287946223109,False,Inlier
Exp_002,CNN,21.075926352852427,12.154722926858964,1.7339701184203702,26.765010575946707,-5.68908422309428,False,Inlier
Exp_002,Transformer,14.011442685285726,4.123185192048702,3.398208431749778,26.765010575946707,-12.753567890660982,False,Inlier
Exp_003,RF,34.81187800675706,15.2012910578075,2.2900606188233867,25.29088359763415,9.520994409122913,False,Inlier
Exp_003,XGB,35.255635561810365,21.676448941667154,1.6264488550078362,25.29088359763415,9.964751964176216,False,Inlier
Exp_003,SVR,32.74812688245945,25.773811939633788,1.2705969516329434,25.29088359763415,7.457243284825303,False,Inlier
Exp_003,LSTM,15.397980178552691,8.106526192318032,1.8994548112537084,25.29088359763415,-9.892903419081458,False,Inlier
Exp_003,CNN,17.833640312808843,9.139065705675621,1.95136361715111,25.29088359763415,-7.4572432848253065,False,Inlier
Exp_003,Transformer,6.552994010318304,5.1450293320838245,1.2736553258218706,25.29088359763415,-18.737889587315845,False,Inlier
Exp_004,RF,35.52612532964075,14.079453337810705,2.5232602770332355,27.897230096370727,7.628895233270022,False,Inlier
Exp_004,XGB,32.98090896936154,26.374142601214903,1.2505016548990036,27.897230096370727,5.0836788729908164,False,Inlier
Exp_004,SVR,32.39936443805188,24.788243679133217,1.307045584085722,27.897230096370727,4.502134341681156,False,Inlier
Exp_004,LSTM,23.395095754689567,21.2143506979853,1.10279574839457,27.897230096370727,-4.50213434168116,False,Inlier
Exp_004,CNN,21.885073712830295,14.501131737049818,1.509197634341518,27.897230096370727,-6.012156383540432,False,Inlier
Exp_004,Transformer,20.54322537691486,6.1123773168565965,3.360922323996778,27.897230096370727,-7.354004719455865,False,Inlier
Exp_005,RF,35.35989909174025,12.405664643218435,2.8503026729059426,30.111402181625287,5.248496910114966,False,Inlier
Exp_005,XGB,34.41721661908016,26.147311233961037,1.3162812922186002,30.111402181625287,4.30581443745487,False,Inlier
Exp_005,SVR,33.00488294037129,26.488572033563056,1.246004612802516,30.111402181625287,2.8934807587460014,False,Inlier
Exp_005,LSTM,20.932732520420846,16.188385103396183,1.293071074521778,30.111402181625287,-9.178669661204442,False,Inlier
Exp_005,CNN,27.217921422879286,18.14500175991139,1.500023079800032,30.111402181625287,-2.8934807587460014,False,Inlier
Exp_005,Transformer,11.091662917123376,6.160671137625088,1.800398474345307,30.111402181625287,-19.01973926450191,True,Type2
Exp_006,RF,34.44634306539539,18.73863913293123,1.8382521175115372,27.508118220284032,6.938224845111357,False,Inlier
Exp_006,XGB,36.03216810950841,21.839042014326445,1.6498969179083613,27.508118220284032,8.52404988922438,False,Inlier
Exp_006,SVR,32.466045567796336,24.845893526191073,1.3066966391678587,27.508118220284032,4.957927347512303,False,Inlier
Exp_006,LSTM,21.059754144550364,16.079428928539993,1.3097327173834266,27.508118220284032,-6.448364075733668,False,Inlier
Exp_006,CNN,22.550190872771733,12.673903823793426,1.7792616376366217,27.508118220284032,-4.9579273475123,False,Inlier
Exp_006,Transformer,8.112535041063333,4.549866416563165,1.7830270821865806,27.508118220284032,-19.3955831792207,True,Type2
Exp_007,RF,35.841982175332184,11.782723930960534,3.04190969637785,26.479793186418362,9.362188988913822,False,Inlier
Exp_007,XGB,36.63357974644387,31.949565243337524,1.1466065177235272,26.479793186418362,10.153786560025509,False,Inlier
Exp_007,SVR,32.50359380743092,25.109428267145127,1.294477654433925,26.479793186418362,6.023800621012555,False,Inlier
Exp_007,LSTM,20.455992565405804,15.210051696408591,1.3448996080819298,26.479793186418362,-6.023800621012558,False,Inlier
Exp_007,CNN,14.798556819350557,7.594657184430607,1.9485483623524538,26.479793186418362,-11.681236367067806,False,Inlier
Exp_007,Transformer,17.216426297947443,4.249304546227172,4.051586821008954,26.479793186418362,-9.26336688847092,False,Inlier
Exp_008,RF,35.0100020002264,17.134960332714872,2.0431913071536942,26.186491221352835,8.823510778873565,False,Inlier
Exp_008,XGB,38.443606603333606,26.341201315026428,1.4594477352634376,26.186491221352835,12.257115381980771,False,Inlier
Exp_008,SVR,32.45409479904099,24.825474053205102,1.3072900331927797,26.186491221352835,6.267603577688153,False,Inlier
Exp_008,LSTM,18.581807483017833,11.721832927810395,1.585230534973071,26.186491221352835,-7.604683738335002,False,Inlier
Exp_008,CNN,19.918887643664682,12.057206805969368,1.6520316823132781,26.186491221352835,-6.267603577688153,False,Inlier
Exp_008,Transformer,16.67253762155562,5.043739124083109,3.305590795119977,26.186491221352835,-9.513953599797215,False,Inlier
Exp_009,RF,34.51347581019367,22.400131630120615,1.540771115995796,27.65517774050035,6.858298069693319,False,Inlier
Exp_009,XGB,46.3165642194426,41.51600871341304,1.1156314312189308,27.65517774050035,18.661386478942248,True,Type1
Exp_009,SVR,32.43074262216253,24.81094208852386,1.3071145185237913,27.65517774050035,4.775564881662184,False,Inlier
Exp_009,LSTM,22.87961285883816,17.621909878434625,1.2983616995362017,27.65517774050035,-4.775564881662188,False,Inlier
Exp_009,CNN,21.904980153325365,14.095969826742866,1.5539888650844902,27.65517774050035,-5.750197587174984,False,Inlier
Exp_009,Transformer,16.272627350213188,5.124309772439689,3.1755744818029945,27.65517774050035,-11.382550390287161,False,Inlier
Exp_010,RF,35.793577932813,10.113704126713065,3.539116577305475,28.81156574291882,6.982012189894181,False,Inlier
Exp_010,XGB,36.20794637727159,21.53025640622909,1.681723881690326,28.81156574291882,7.39638063435277,False,Inlier
Exp_010,SVR,32.97124236538622,26.461319450081106,1.2460165649557267,28.81156574291882,4.159676622467398,False,Inlier
Exp_010,LSTM,24.651889120451422,21.96943969512145,1.1220991278136982,28.81156574291882,-4.159676622467398,False,Inlier
Exp_010,CNN,16.923956041243358,7.61737680053239,2.2217564503387197,28.81156574291882,-11.887609701675462,False,Inlier
Exp_010,Transformer,10.767555982711226,4.209652055148387,2.5578256448873367,28.81156574291882,-18.044009760207594,True,Type2
Exp_011,RF,35.32125702404675,16.008251181213097,2.206440705122052,26.343140105820744,8.978116918226007,False,Inlier
Exp_011,XGB,34.64224595891734,25.884953597677285,1.3383159381837126,26.343140105820744,8.299105853096599,False,Inlier
Exp_011,SVR,32.97135945131538,26.475338617193678,1.2453611992672697,26.343140105820744,6.628219345494635,False,Inlier
Exp_011,LSTM,17.435651783773384,11.785308381724414,1.4794395885992266,26.343140105820744,-8.90748832204736,False,Inlier
Exp_011,CNN,19.714920760326113,8.537456336963979,2.309226540341754,26.343140105820744,-6.628219345494632,False,Inlier
Exp_011,Transformer,6.818199643198469,4.8663294052594885,1.4010970231134405,26.343140105820744,-19.524940462622276,False,Inlier
Exp_012,RF,35.03132790383133,13.18370520958839,2.6571686295255876,28.234056657370875,6.797271246460458,False,Inlier
Exp_012,XGB,33.274190492477615,24.862378776335316,1.3383349514467573,28.234056657370875,5.04013383510674,False,Inlier
Exp_012,SVR,32.74812688245945,25.773811939633788,1.2705969516329434,28.234056657370875,4.514070225088577,False,Inlier
Exp_012,LSTM,23.719986432282298,21.198637519095787,1.118939196489174,28.234056657370875,-4.514070225088577,False,Inlier
Exp_012,CNN,19.959043146411414,11.797957576568736,1.691737151695727,28.234056657370875,-8.275013510959461,False,Inlier
Exp_012,Transformer,5.78424687421409,4.876346108849434,1.1861846442189627,28.234056657370875,-22.449809783156784,True,Type2
Exp_013,RF,34.89654329401322,9.79831293634164,3.5614848720112846,28.80761489375242,6.0889284002608015,False,Inlier
Exp_013,XGB,46.41444582508769,40.191498695405876,1.1548324230664515,28.80761489375242,17.60683093133527,False,Inlier
Exp_013,SVR,32.680525017784284,25.726022562382607,1.2703294859723386,28.80761489375242,3.872910124031865,False,Inlier
Exp_013,LSTM,15.824187893391294,8.791478834511077,1.7999460831633032,28.80761489375242,-12.983427000361125,False,Inlier
Exp_013,CNN,24.934704769720554,16.304407677582063,1.5293229452306212,28.80761489375242,-3.872910124031865,False,Inlier
Exp_013,Transformer,10.650174106374681,3.9870942055791203,2.671161893158167,28.80761489375242,-18.157440787377737,False,Inlier
Exp_014,RF,34.51347581019367,22.400131630120615,1.540771115995796,26.531332889932024,7.982142920261644,False,Inlier
Exp_014,XGB,33.36390850342627,25.021382457372834,1.3334158718154767,26.531332889932024,6.8325756134942495,False,Inlier
Exp_014,SVR,32.466045567796336,24.845893526191073,1.3066966391678587,26.531332889932024,5.934712677864312,False,Inlier
Exp_014,LSTM,16.9459734339754,6.458975811246969,2.6236316606833388,26.531332889932024,-9.585359455956624,False,Inlier
Exp_014,CNN,20.596620212067712,13.041943304440869,1.5792600635715404,26.531332889932024,-5.934712677864312,False,Inlier
Exp_014,Transformer,9.601918473873138,7.711638723102522,1.245120371771011,26.531332889932024,-16.929414416058886,False,Inlier
Exp_015,RF,35.69628921547262,16.099806854401088,2.217187419594079,24.565086540134573,11.131202675338045,False,Inlier
Exp_015,XGB,33.53378368805853,24.907540205368157,1.3463306055742594,24.565086540134573,8.968697147923955,False,Inlier
Exp_015,SVR,32.466045567796336,24.845893526191073,1.3066966391678587,24.565086540134573,7.900959027661763,False,Inlier
Exp_015,LSTM,16.664127512472806,7.955290074361608,2.09472280164593,24.565086540134573,-7.9009590276617665,False,Inlier
Exp_015,CNN,14.964844259821186,5.963740458499821,2.5093050852829357,24.565086540134573,-9.600242280313386,False,Inlier
Exp_015,Transformer,11.275701029905871,5.9536625977323165,1.8939099831086599,24.565086540134573,-13.289385510228701,False,Inlier
Exp_016,RF,35.714236843733715,11.293782751641434,3.1622918227768304,28.20905033440235,7.5051865093313666,False,Inlier
Exp_016,XGB,45.33653457408826,41.535566049715904,1.0915111767063148,28.20905033440235,17.127484239685913,False,Inlier
Exp_016,SVR,32.46363030541271,25.07534293301664,1.2946435226083362,28.20905033440235,4.254579971010358,False,Inlier
Exp_016,LSTM,23.954470363391987,20.958386562069997,1.1429539336174013,28.20905033440235,-4.254579971010362,False,Inlier
Exp_016,CNN,18.088102259755583,8.550663472806967,2.1154033622396455,28.20905033440235,-10.120948074646765,False,Inlier
Exp_016,Transformer,4.846315553549942,3.9498616496133665,1.2269583047356418,28.20905033440235,-23.362734780852406,True,Type2
Exp_017,RF,35.09225069423417,11.29117986741796,3.1079347868239195,29.583704669989913,5.508546024244254,False,Inlier
Exp_017,XGB,36.06151496163361,21.230121245431057,1.698601460855737,29.583704669989913,6.477810291643699,False,Inlier
Exp_017,SVR,33.38395772943852,27.931875020267604,1.1951921489414814,29.583704669989913,3.8002530594486075,False,Inlier
Exp_017,LSTM,17.143103170900098,10.128269374139727,1.6925994498794812,29.583704669989913,-12.440601499089816,False,Inlier
Exp_017,CNN,25.783451610541306,16.340276578805973,1.5779079066497277,29.583704669989913,-3.8002530594486075,False,Inlier
Exp_017,Transformer,7.860128013985538,5.4471950697407205,1.4429679703685863,29.583704669989913,-21.723576656004376,True,Type2
Exp_018,RF,34.22914223838223,22.68437541346608,1.5089303370487712,27.227730575997654,7.001411662384577,False,Inlier
Exp_018,XGB,33.946135095038805,28.089956466624773,1.2084794483527264,27.227730575997654,6.718404519041151,False,Inlier
Exp_018,SVR,32.43074262216253,24.81094208852386,1.3071145185237913,27.227730575997654,5.203012046164879,False,Inlier
Exp_018,LSTM,16.411930750136182,10.152415517132834,1.6165542793673118,27.227730575997654,-10.815799825861472,False,Inlier
Exp_018,CNN,22.02471852983278,13.770570107087751,1.5994049889406246,27.227730575997654,-5.203012046164876,False,Inlier
Exp_018,Transformer,12.595120263155861,3.8429986483005485,3.277419904564806,27.227730575997654,-14.632610312841793,False,Inlier
Exp_019,RF,35.0100020002264,17.134960332714872,2.0431913071536942,26.241998804979858,8.768003195246543,False,Inlier
Exp_019,XGB,35.914440631846645,15.966800100343711,2.249319864101858,26.241998804979858,9.672441826866788,False,Inlier
Exp_019,SVR,33.38395772943852,27.931875020267604,1.1951921489414814,26.241998804979858,7.141958924458663,False,Inlier
Exp_019,LSTM,14.564954297105015,10.350626800280812,1.4071567430785803,26.241998804979858,-11.677044507874843,False,Inlier
Exp_019,CNN,19.10003988052119,7.5653857565564895,2.524661728447657,26.241998804979858,-7.141958924458667,False,Inlier
Exp_019,Transformer,9.688910400102323,5.128819414785194,1.8891112391618716,26.241998804979858,-16.553088404877535,False,Inlier
Exp_020,RF,35.750644494051166,10.377527639414678,3.445005952888756,25.33779961705107,10.412844877000097,False,Inlier
Exp_020,XGB,45.59879919779961,40.78990868328373,1.117894123074775,25.33779961705107,20.26099958074854,False,Inlier
Exp_020,SVR,32.45409479904099,24.825474053205102,1.3072900331927797,25.33779961705107,7.116295181989919,False,Inlier
Exp_020,LSTM,18.22150443506115,13.167477417784,1.38382651869607,25.33779961705107,-7.116295181989919,False,Inlier
Exp_020,CNN,15.06899314630408,7.59647147936248,1.9836832386249832,25.33779961705107,-10.268806470746988,False,Inlier
Exp_020,Transformer,12.07231349716483,4.661912790092362,2.589562276416083,25.33779961705107,-13.265486119886239,False,Inlier
Exp_021,RF,35.21365702107676,10.622579568085952,3.3149817137516435,28.042252658735535,7.171404362341228,False,Inlier
Exp_021,XGB,32.971626799843,24.877565184553706,1.3253558599985034,28.042252658735535,4.929374141107466,False,Inlier
Exp_021,SVR,32.45409479904099,24.825474053205102,1.3072900331927797,28.042252658735535,4.411842140305453,False,Inlier
Exp_021,LSTM,19.0792558914412,9.983804558112595,1.9110205714051025,28.042252658735535,-8.962996767294335,False,Inlier
Exp_021,CNN,23.630410518430086,16.23819620873209,1.4552361736904516,28.042252658735535,-4.411842140305449,False,Inlier
Exp_021,Transformer,4.97244432451735,3.195401589193938,1.5561250083034739,28.042252658735535,-23.069808334218184,True,Type2
Exp_022,RF,35.27607086244913,16.39953456937193,2.1510409770001258,28.296106256074154,6.979964606374978,False,Inlier
Exp_022,XGB,34.55833567249912,26.68444892541581,1.2950739874408186,28.296106256074154,6.262229416424965,False,Inlier
Exp_022,SVR,32.680525017784284,25.726022562382607,1.2703294859723386,28.296106256074154,4.38441876171013,False,Inlier
Exp_022,LSTM,23.911687494364028,20.831467608514995,1.147863796432181,28.296106256074154,-4.384418761710126,False,Inlier
Exp_022,CNN,20.1032870665199,12.543403648836955,1.6026979302690232,28.296106256074154,-8.192819189554253,False,Inlier
Exp_022,Transformer,14.7111267952837,4.318720877917709,3.4063620250393996,28.296106256074154,-13.584979460790453,False,Inlier
Exp_023,RF,35.17745990231441,17.19524139208113,2.0457671457008204,27.371296127442335,7.806163774872076,False,Inlier
Exp_023,XGB,35.460749028745674,21.471271572258768,1.6515439669889667,27.371296127442335,8.08945290130334,False,Inlier
Exp_023,SVR,32.43074262216253,24.81094208852386,1.3071145185237913,27.371296127442335,5.0594464947201985,False,Inlier
Exp_023,LSTM,22.31184963272214,17.28900248520989,1.290522669067178,27.371296127442335,-5.059446494720195,False,Inlier
Exp_023,CNN,17.278364219948237,8.941257780549792,1.9324310565717524,27.371296127442335,-10.092931907494098,False,Inlier
Exp_023,Transformer,7.327759040202505,3.193940481339601,2.2942691271219617,27.371296127442335,-20.04353708723983,True,Type2
Exp_024,RF,35.57859395742514,12.19401634655083,2.9177092228098265,27.945138639951963,7.633455317473178,False,Inlier
Exp_024,XGB,36.6316286930178,30.189409594428245,1.213393345054967,27.945138639951963,8.686490053065839,False,Inlier
Exp_024,SVR,32.97135945131538,26.475338617193678,1.2453611992672697,27.945138639951963,5.026220811363416,False,Inlier
Exp_024,LSTM,22.918917828588544,20.78977004620827,1.102413243515822,27.945138639951963,-5.0262208113634195,False,Inlier
Exp_024,CNN,19.7407282058605,9.371439753668623,2.1064776304124058,27.945138639951963,-8.204410434091464,False,Inlier
Exp_024,Transformer,8.592598910834862,3.4846014795982985,2.465877076946374,27.945138639951963,-19.3525397291171,False,Inlier
Exp_025,RF,35.574189636215024,11.456189493141316,3.105237536225537,28.83770806444081,6.736481571774213,False,Inlier
Exp_025,XGB,38.523899339403584,26.39156627613853,1.4597049275637077,28.83770806444081,9.686191274962773,False,Inlier
Exp_025,SVR,33.38395772943852,27.931875020267604,1.1951921489414814,28.83770806444081,4.54624966499771,False,Inlier
Exp_025,LSTM,23.305097371102367,19.85731189495092,1.1736280063681785,28.83770806444081,-5.5326106933384445,False,Inlier
Exp_025,CNN,24.291458399443105,11.752221729365553,2.066967332546617,28.83770806444081,-4.546249664997706,False,Inlier
Exp_025,Transformer,8.561151774273625,3.4379638358938656,2.4901808695284715,28.83770806444081,-20.276556290167186,True,Type2
Exp_026,RF,35.471943343502815,9.456399337501667,3.75110463057859,25.57134731213747,9.900596031365346,False,Inlier
Exp_026,XGB,35.465602489749664,18.727681215280548,1.8937530002813205,25.57134731213747,9.894255177612195,False,Inlier
Exp_026,SVR,32.45409479904099,24.825474053205102,1.3072900331927797,25.57134731213747,6.882747486903519,False,Inlier
Exp_026,LSTM,18.688599825233947,12.927537703642622,1.4456426470114272,25.57134731213747,-6.882747486903522,False,Inlier
Exp_026,CNN,13.967543991563083,4.808966590440066,2.904479315645427,25.57134731213747,-11.603803320574386,False,Inlier
Exp_026,Transformer,7.991955765900568,4.180525023784369,1.911711022044295,25.57134731213747,-17.579391546236902,False,Inlier
Exp_027,RF,33.91316991692701,23.08224293414171,1.4692319985405282,29.57161429245607,4.341555624470942,False,Inlier
Exp_027,XGB,46.32609607698856,40.03906631097543,1.1570223870152974,29.57161429245607,16.754481784532494,False,Inlier
Exp_027,SVR,32.46363030541271,25.07534293301664,1.2946435226083362,29.57161429245607,2.8920160129566383,False,Inlier
Exp_027,LSTM,17.024002184874888,10.330479709827431,1.6479391725323151,29.57161429245607,-12.54761210758118,False,Inlier
Exp_027,CNN,26.679598279499427,18.505356296756943,1.441723026115148,29.57161429245607,-2.892016012956642,False,Inlier
Exp_027,Transformer,7.199155164532003,4.206726799931593,1.711343642436935,29.57161429245607,-22.372459127924067,True,Type2
Exp_028,RF,35.67044298367113,10.573914645990728,3.373437764337937,28.772100009050025,6.898342974621105,False,Inlier
Exp_028,XGB,32.93072080970708,26.39003523985782,1.247846791806122,28.772100009050025,4.158620800657058,False,Inlier
Exp_028,SVR,32.39936443805188,24.788243679133217,1.307045584085722,28.772100009050025,3.6272644290018583,False,Inlier
Exp_028,LSTM,17.920644676328873,10.403852673488805,1.7225008118381404,28.772100009050025,-10.851455332721152,False,Inlier
Exp_028,CNN,25.144835580048166,13.37489504193631,1.8800024599226983,28.772100009050025,-3.6272644290018583,False,Inlier
Exp_028,Transformer,8.813431927258858,5.765074499464426,1.5287628855581352,28.772100009050025,-19.958668081791167,True,Type2
Exp_029,RF,35.91857853387075,8.550262437629144,4.200874393725676,27.610216083686883,8.308362450183868,False,Inlier
Exp_029,XGB,46.14682854927573,39.73908741226168,1.1612453016481932,27.610216083686883,18.53661246558885,True,Type1
Exp_029,SVR,32.50708815787684,25.132130424049933,1.293447376302389,27.610216083686883,4.896872074189954,False,Inlier
Exp_029,LSTM,22.71334400949693,18.07316723154237,1.256743974008952,27.610216083686883,-4.896872074189954,False,Inlier
Exp_029,CNN,22.635654701588184,15.562057795236003,1.4545412309493937,27.610216083686883,-4.974561382098699,False,Inlier
Exp_029,Transformer,8.11036843625954,4.65023620169636,1.744076662880255,27.610216083686883,-19.499847647427345,True,Type2
Exp_030,RF,32.93591202488453,24.72912430594847,1.3318673001680839,27.912566689820963,5.023345335063567,False,Inlier
Exp_030,XGB,34.94472127406191,22.16786171504997,1.5763686061943274,27.912566689820963,7.032154584240949,False,Inlier
Exp_030,SVR,32.45409479904099,24.825474053205102,1.3072900331927797,27.912566689820963,4.541528109220025,False,Inlier
Exp_030,LSTM,23.37103858060094,20.511721353670563,1.139399184379945,27.912566689820963,-4.541528109220025,False,Inlier
Exp_030,CNN,22.497353631264193,14.775696693169994,1.5225917327920993,27.912566689820963,-5.41521305855677,False,Inlier
Exp_030,Transformer,5.571219821135238,4.663683596352742,1.1945964399240634,27.912566689820963,-22.341346868685726,True,Type2
Exp_031,RF,33.016122636236574,24.034363758737314,1.3737048738905802,28.451151596413425,4.564971039823149,False,Inlier
Exp_031,XGB,35.45944777521835,19.61339989196839,1.8079194821158395,28.451151596413425,7.008296178804926,False,Inlier
Exp_031,SVR,33.358615062751326,27.909899504504338,1.195225194464338,28.451151596413425,4.9074634663379015,False,Inlier
Exp_031,LSTM,23.886180556590276,20.890162643303473,1.1434176442014061,28.451151596413425,-4.564971039823149,False,Inlier
Exp_031,CNN,15.781162495889829,5.115601831196102,3.084908289705566,28.451151596413425,-12.669989100523596,False,Inlier
Exp_031,Transformer,6.425356475796845,4.857504530672403,1.3227690134356727,28.451151596413425,-22.02579512061658,True,Type2
Exp_032,RF,33.081785772815515,24.05671157370523,1.3751582659774242,26.66445054553799,6.417335227277526,False,Inlier
Exp_032,XGB,35.733237438168125,18.77486144724592,1.9032490619742934,26.66445054553799,9.068786892630136,False,Inlier
Exp_032,SVR,33.33688813541473,27.903266199464287,1.19473067766005,26.66445054553799,6.672437589876743,False,Inlier
Exp_032,LSTM,20.247115318260462,17.232448328389818,1.1749413044752377,26.66445054553799,-6.417335227277526,False,Inlier
Exp_032,CNN,15.95806634877161,6.558695825869599,2.4331157858896093,26.66445054553799,-10.706384196766379,False,Inlier
Exp_032,Transformer,9.533775920420053,5.237992497051701,1.8201201940984664,26.66445054553799,-17.130674625117933,False,Inlier
Exp_033,RF,35.826581231899624,12.536440577406088,2.857795321621705,27.070151871048466,8.756429360851158,False,Inlier
Exp_033,XGB,33.72479889557349,28.138314990557138,1.1985365472982696,27.070151871048466,6.654647024525026,False,Inlier
Exp_033,SVR,32.50359380743092,25.109428267145127,1.294477654433925,27.070151871048466,5.433441936382451,False,Inlier
Exp_033,LSTM,21.636709934666015,14.530471879368177,1.489057624163465,27.070151871048466,-5.433441936382451,False,Inlier
Exp_033,CNN,15.25834502478915,7.010778575547196,2.176412342847132,27.070151871048466,-11.811806846259316,False,Inlier
Exp_033,Transformer,9.743459219322148,6.45742912935894,1.5088759046573428,27.070151871048466,-17.32669265172632,False,Inlier
Exp_034,RF,35.593814156506376,13.02182321531433,2.733397126344507,31.229635361149192,4.364178795357184,False,Inlier
Exp_034,XGB,35.32518612002013,21.819518088832904,1.618971875373331,31.229635361149192,4.095550758870935,False,Inlier
Exp_034,SVR,33.412040610832726,27.941691995291034,1.1957772856584203,31.229635361149192,2.1824052496835336,False,Inlier
Exp_034,LSTM,18.53906332306151,11.842398453144822,1.565482144213645,31.229635361149192,-12.690572038087684,True,Type2
Exp_034,CNN,29.047230111465662,22.39027880489516,1.2973143552422,31.229635361149192,-2.18240524968353,False,Inlier
Exp_034,Transformer,6.865883070792633,3.3663608040688966,2.039556503418733,31.229635361149192,-24.363752290356558,True,Type2
Exp_035,RF,34.93567499216212,17.812054657075226,1.9613500892938887,26.03876719206638,8.89690780009574,False,Inlier
Exp_035,XGB,33.3465889577508,27.828464957917863,1.198290635440274,26.03876719206638,7.307821765684416,False,Inlier
Exp_035,SVR,32.700092344230654,25.74915012812414,1.2699484131134273,26.03876719206638,6.661325152164274,False,Inlier
Exp_035,LSTM,19.37744203990211,11.695522553641387,1.656825674186654,26.03876719206638,-6.66132515216427,False,Inlier
Exp_035,CNN,16.481551520634934,6.321969059212844,2.607028184773665,26.03876719206638,-9.557215671431447,False,Inlier
Exp_035,Transformer,7.551686271665044,4.328025403581057,1.7448340911808637,26.03876719206638,-18.487080920401336,False,Inlier
Exp_036,RF,34.49925918059907,22.41114992546889,1.5393792507448618,28.703010414333395,5.796248766265673,False,Inlier
Exp_036,XGB,35.859174155210965,31.409855786477973,1.1416535752019732,28.703010414333395,7.15616374087757,False,Inlier
Exp_036,SVR,32.50708815787684,25.132130424049933,1.293447376302389,28.703010414333395,3.8040777435434414,False,Inlier
Exp_036,LSTM,24.81567546982023,22.772960436684144,1.089699142929417,28.703010414333395,-3.8873349445131637,False,Inlier
Exp_036,CNN,24.898932670789954,14.859214805918834,1.6756560152069424,28.703010414333395,-3.8040777435434414,False,Inlier
Exp_036,Transformer,7.490181154064508,3.9999231092692167,1.872581284551982,28.703010414333395,-21.212829260268887,True,Type2
Exp_037,RF,35.1174234372074,13.482449441402043,2.6046768126100632,27.34342394504747,7.7739994921599305,False,Inlier
Exp_037,XGB,46.2755472094199,39.961080308884604,1.1580154202971182,27.34342394504747,18.93212326437243,False,Inlier
Exp_037,SVR,32.700092344230654,25.74915012812414,1.2699484131134273,27.34342394504747,5.356668399183185,False,Inlier
Exp_037,LSTM,21.98675554586428,19.141709152969465,1.148630739823641,27.34342394504747,-5.356668399183189,False,Inlier
Exp_037,CNN,19.099521395294094,9.658950576170795,1.977390943733965,27.34342394504747,-8.243902549753376,False,Inlier
Exp_037,Transformer,5.645607562553938,4.815254909149451,1.1724420968507265,27.34342394504747,-21.69781638249353,True,Type2
Exp_038,RF,35.324559036812545,14.070560376195994,2.5105296514396973,25.111864472960605,10.21269456385194,False,Inlier
Exp_038,XGB,33.25871449475686,24.859303798609535,1.3378779536302674,25.111864472960605,8.146850021796254,False,Inlier
Exp_038,SVR,32.74812688245945,25.773811939633788,1.2705969516329434,25.111864472960605,7.636262409498848,False,Inlier
Exp_038,LSTM,15.381023436625009,9.232630737602044,1.6659415797907091,25.111864472960605,-9.730841036335596,False,Inlier
Exp_038,CNN,17.475602063461753,9.465350758964739,1.8462709421423624,25.111864472960605,-7.636262409498851,False,Inlier
Exp_038,Transformer,10.317932547543817,5.5537960233118655,1.8578162583275752,25.111864472960605,-14.793931925416787,False,Inlier
Exp_039,RF,33.14279112917772,23.96064363338257,1.3832178983290062,27.567707711034913,5.57508341814281,False,Inlier
Exp_039,XGB,33.2487829458886,27.93577403085737,1.1901865654111667,27.567707711034913,5.681075234853687,False,Inlier
Exp_039,SVR,32.466045567796336,24.845893526191073,1.3066966391678587,27.567707711034913,4.898337856761422,False,Inlier
Exp_039,LSTM,22.66936985427349,19.53629231787078,1.1603721671146747,27.567707711034913,-4.898337856761422,False,Inlier
Exp_039,CNN,16.06780277102852,7.515989933155377,2.137815898362028,27.567707711034913,-11.499904940006392,False,Inlier
Exp_039,Transformer,6.630823131344247,3.076052980093212,2.1556270890832696,27.567707711034913,-20.936884579690666,True,Type2
Exp_040,RF,35.5282061943497,13.088172426039007,2.714527669551946,29.22366910212284,6.304537092226859,False,Inlier
Exp_040,XGB,34.564248232232316,23.969983721915753,1.4419804632837623,29.22366910212284,5.340579130109475,False,Inlier
Exp_040,SVR,32.46363030541271,25.07534293301664,1.2946435226083362,29.22366910212284,3.239961203289866,False,Inlier
Exp_040,LSTM,23.645629272476683,21.40008678953451,1.1049314661677134,29.22366910212284,-5.578039829646158,False,Inlier
Exp_040,CNN,25.98370789883297,17.155704788411036,1.5145811972927745,29.22366910212284,-3.2399612032898695,False,Inlier
Exp_040,Transformer,7.341250769460707,4.672433877133163,1.571183447964604,29.22366910212284,-21.882418332662134,True,Type2
Exp_041,RF,35.5282061943497,13.088172426039007,2.714527669551946,26.08449339830021,9.443712796049489,False,Inlier
Exp_041,XGB,38.22779909991468,25.780068628236087,1.482843185996991,26.08449339830021,12.143305701614466,False,Inlier
Exp_041,SVR,32.74812688245945,25.773811939633788,1.2705969516329434,26.08449339830021,6.6636334841592415,False,Inlier
Exp_041,LSTM,15.535933649929122,7.854704119222895,1.9779145610218314,26.08449339830021,-10.548559748371089,False,Inlier
Exp_041,CNN,19.420859914140966,9.693574440680369,2.0034776679115143,26.08449339830021,-6.663633484159245,False,Inlier
Exp_041,Transformer,11.645446516151576,3.4191202022535703,3.4059775109620207,26.08449339830021,-14.439046882148634,False,Inlier
Exp_042,RF,35.66218310273078,10.594796974797386,3.3660091068817084,27.85516402533205,7.807019077398728,False,Inlier
Exp_042,XGB,36.709327248415356,32.0299275641645,1.1460946071412983,27.85516402533205,8.854163223083305,False,Inlier
Exp_042,SVR,32.700092344230654,25.74915012812414,1.2699484131134273,27.85516402533205,4.844928318898603,False,Inlier
Exp_042,LSTM,17.103519974198658,9.19590074185784,1.8599069796770393,27.85516402533205,-10.751644051133393,False,Inlier
Exp_042,CNN,23.010235706433452,8.5984175889625,2.6761012091307266,27.85516402533205,-4.844928318898599,False,Inlier
Exp_042,Transformer,11.287523886823251,8.306472313792701,1.3588829843061758,27.85516402533205,-16.5676401385088,False,Inlier
Exp_043,RF,35.37938867230096,12.880127086868553,2.7468198437553215,28.724369921905264,6.655018750395698,False,Inlier
Exp_043,XGB,35.382544262341604,21.755368326585295,1.6263822212149703,28.724369921905264,6.658174340436339,False,Inlier
Exp_043,SVR,32.97135945131538,26.475338617193678,1.2453611992672697,28.724369921905264,4.246989529410115,False,Inlier
Exp_043,LSTM,19.50242560534939,15.651525336571133,1.2460399345091495,28.724369921905264,-9.221944316555874,False,Inlier
Exp_043,CNN,24.477380392495153,16.101017586909975,1.5202381005033563,28.724369921905264,-4.246989529410111,False,Inlier
Exp_043,Transformer,12.611704860458188,5.50310307443682,2.291744255898542,28.724369921905264,-16.112665061447075,False,Inlier
Exp_044,RF,35.566719966290364,13.800005555319192,2.5772975107666696,29.99172814438228,5.574991821908085,False,Inlier
Exp_044,XGB,44.964859869089715,41.22875281394951,1.0906189685630294,29.99172814438228,14.973131724707436,False,Inlier
Exp_044,SVR,32.50708815787684,25.132130424049933,1.293447376302389,29.99172814438228,2.5153600134945577,False,Inlier
Exp_044,LSTM,22.688335308744694,15.938868564861487,1.4234595897705655,29.99172814438228,-7.303392835637585,False,Inlier
Exp_044,CNN,27.476368130887725,22.507454548524723,1.2207674604718326,29.99172814438228,-2.515360013494554,False,Inlier
Exp_044,Transformer,7.1221918294214825,3.7674892765087464,1.890434532575888,29.99172814438228,-22.869536314960797,True,Type2
Exp_045,RF,34.83202467978541,14.036665784948704,2.4815027452698377,25.797736569094983,9.03428811069043,False,Inlier
Exp_045,XGB,46.2609810654792,40.007531029326216,1.1563068221222923,25.797736569094983,20.463244496384217,True,Type1
Exp_045,SVR,32.43074262216253,24.81094208852386,1.3071145185237913,25.797736569094983,6.63300605306755,False,Inlier
Exp_045,LSTM,18.72265421252336,12.237942736899884,1.5298857508191106,25.797736569094983,-7.075082356571624,False,Inlier
Exp_045,CNN,19.164730516027433,8.545849726410284,2.2425775235434253,25.797736569094983,-6.63300605306755,False,Inlier
Exp_045,Transformer,13.670778415844403,7.649218011917797,1.7872125483343222,25.797736569094983,-12.12695815325058,False,Inlier
Exp_046,RF,34.51904125945369,22.415651551989928,1.5399526165631037,26.40797326582044,8.111067993633245,False,Inlier
Exp_046,XGB,35.34888025045401,23.74150367146174,1.48890654693219,26.40797326582044,8.940906984633568,False,Inlier
Exp_046,SVR,32.466045567796336,24.845893526191073,1.3066966391678587,26.40797326582044,6.058072301975894,False,Inlier
Exp_046,LSTM,19.947266294336863,16.77894755503716,1.1888270243951355,26.40797326582044,-6.460706971483578,False,Inlier
Exp_046,CNN,20.349900963844547,11.179432949364468,1.8202981364096293,26.40797326582044,-6.058072301975894,False,Inlier
Exp_046,Transformer,13.827410490897746,6.771719850066392,2.0419348108091295,26.40797326582044,-12.580562774922695,False,Inlier
Exp_047,RF,35.826581231899624,12.536440577406088,2.857795321621705,29.896619845168672,5.929961386730952,False,Inlier
Exp_047,XGB,34.969748365998434,21.979665895791616,1.5910045462835718,29.896619845168672,5.073128520829762,False,Inlier
Exp_047,SVR,33.33688813541473,27.903266199464287,1.19473067766005,29.896619845168672,3.4402682902460597,False,Inlier
Exp_047,LSTM,17.11040147463077,7.472233043916501,2.289864539029756,29.896619845168672,-12.786218370537902,False,Inlier
Exp_047,CNN,26.456351554922616,17.03173021111992,1.553356660009176,29.896619845168672,-3.440268290246056,False,Inlier
Exp_047,Transformer,3.993223768736196,2.684368704631915,1.4875839380208216,29.896619845168672,-25.903396076432475,True,Type2
Exp_048,RF,34.528393602582334,22.39995129942651,1.541449494288246,26.40975622159025,8.118637380992084,False,Inlier
Exp_048,XGB,35.418008170059124,18.194963634482928,1.946583069994998,26.40975622159025,9.008251948468875,False,Inlier
Exp_048,SVR,32.43074262216253,24.81094208852386,1.3071145185237913,26.40975622159025,6.0209864005722835,False,Inlier
Exp_048,LSTM,20.38876982101797,18.585284804901345,1.0970383308649112,26.40975622159025,-6.02098640057228,False,Inlier
Exp_048,CNN,14.560157423740362,7.82175135832912,1.861495815542096,26.40975622159025,-11.849598797849888,False,Inlier
Exp_048,Transformer,7.703741269481935,5.670304009900815,1.3586116822009142,26.40975622159025,-18.706014952108315,False,Inlier
Exp_049,RF,33.95070074000994,19.867703491651696,1.708838706711918,27.428309308151437,6.522391431858505,False,Inlier
Exp_049,XGB,34.43636922485623,24.241896701043476,1.4205311428199403,27.428309308151437,7.0080599167047914,False,Inlier
Exp_049,SVR,33.00488294037129,26.488572033563056,1.246004612802516,27.428309308151437,5.576573632219851,False,Inlier
Exp_049,LSTM,21.851735675931586,17.8670149887824,1.2230210636556216,27.428309308151437,-5.576573632219851,False,Inlier
Exp_049,CNN,18.780458658973327,10.44153448469235,1.7986301425816416,27.428309308151437,-8.64785064917811,False,Inlier
Exp_049,Transformer,6.06832731525165,4.61029147072811,1.3162567602896633,27.428309308151437,-21.359981992899787,True,Type2
Exp_050,RF,35.66218310273078,10.594796974797386,3.3660091068817084,24.127328571329095,11.534854531401685,False,Inlier
Exp_050,XGB,46.32609607698856,40.03906631097543,1.1570223870152974,24.127328571329095,22.198767505659468,False,Inlier
Exp_050,SVR,32.43074262216253,24.81094208852386,1.3071145185237913,24.127328571329095,8.303414050833439,False,Inlier
Exp_050,LSTM,15.76125018665363,10.686816098823734,1.474831235131708,24.127328571329095,-8.366078384675465,False,Inlier
Exp_050,CNN,15.823914520495652,7.6135345307246824,2.0783926908898485,24.127328571329095,-8.303414050833442,False,Inlier
Exp_050,Transformer,8.405532976506644,4.049025505469842,2.0759397452921897,24.127328571329095,-15.721795594822451,False,Inlier
Exp_051,RF,34.51347581019367,22.400131630120615,1.540771115995796,27.890692213038523,6.622783597155145,False,Inlier
Exp_051,XGB,37.13985754623579,30.678000415161616,1.2106348863559115,27.890692213038523,9.249165333197265,False,Inlier
Exp_051,SVR,33.412040610832726,27.941691995291034,1.1957772856584203,27.890692213038523,5.521348397794203,False,Inlier
Exp_051,LSTM,22.36934381524432,18.852878567302064,1.186521397005183,27.890692213038523,-5.521348397794203,False,Inlier
Exp_051,CNN,21.073429882709753,9.787270542538996,2.1531467625337473,27.890692213038523,-6.81726233032877,False,Inlier
Exp_051,Transformer,14.012369413558552,8.12776066756633,1.7240135366528002,27.890692213038523,-13.878322799479971,False,Inlier
Exp_052,RF,35.543018829469204,9.697607621806517,3.6651327023734623,27.245962397202593,8.297056432266611,False,Inlier
Exp_052,XGB,36.74088926980317,30.24144781612853,1.214918329743734,27.245962397202593,9.494926872600576,False,Inlier
Exp_052,SVR,32.947774285680595,26.443664411954096,1.245960989838695,27.245962397202593,5.701811888478002,False,Inlier
Exp_052,LSTM,18.09116673188059,10.777375251970088,1.6786245545800729,27.245962397202593,-9.154795665322002,False,Inlier
Exp_052,CNN,21.54415050872459,13.797397556107784,1.5614647922634874,27.245962397202593,-5.701811888478002,False,Inlier
Exp_052,Transformer,19.498829341863704,5.133899126619998,3.7980546288413612,27.245962397202593,-7.747133055338889,False,Inlier
Exp_053,RF,34.50018142464839,22.408712190916113,1.539587867911206,26.256532994771455,8.243648429876934,False,Inlier
Exp_053,XGB,45.651562794135266,40.790176525440074,1.1191803194492977,26.256532994771455,19.39502979936381,False,Inlier
Exp_053,SVR,32.680525017784284,25.726022562382607,1.2703294859723386,26.256532994771455,6.423992023012829,False,Inlier
Exp_053,LSTM,17.867085872306077,12.083788492684631,1.4785996861102444,26.256532994771455,-8.389447122465377,False,Inlier
Exp_053,CNN,19.832540971758622,9.40925423434727,2.1077696996816697,26.256532994771455,-6.423992023012833,False,Inlier
Exp_053,Transformer,12.8098582451844,5.639005391504775,2.271652065536698,26.256532994771455,-13.446674749587055,False,Inlier
Exp_054,RF,33.14279112917772,23.96064363338257,1.3832178983290062,25.943362832622846,7.199428296554878,False,Inlier
Exp_054,XGB,45.70000790652284,40.933511554276194,1.1164448436320071,25.943362832622846,19.756645073899996,False,Inlier
Exp_054,SVR,32.680525017784284,25.726022562382607,1.2703294859723386,25.943362832622846,6.737162185161438,False,Inlier
Exp_054,LSTM,16.94879246914391,11.00746421723243,1.5397544915576649,25.943362832622846,-8.994570363478935,False,Inlier
Exp_054,CNN,19.206200647461404,11.426373515632596,1.6808658163664183,25.943362832622846,-6.737162185161441,False,Inlier
Exp_054,Transformer,10.559137836286784,8.824535619172432,1.1965658355263145,25.943362832622846,-15.384224996336062,False,Inlier
Exp_055,RF,34.456769096509106,18.92119951092566,1.821066844975275,26.03219626410595,8.424572832403157,False,Inlier
Exp_055,XGB,46.205996803715855,42.282712292248505,1.0927869641935575,26.03219626410595,20.173800539609907,True,Type1
Exp_055,SVR,32.53458164373087,25.14508978637232,1.2938741487955778,26.03219626410595,6.5023853796249185,False,Inlier
Exp_055,LSTM,18.588073582062975,12.304335932477535,1.510692952798809,26.03219626410595,-7.444122682042973,False,Inlier
Exp_055,CNN,19.52981088448103,9.683964828761384,2.0167164203733448,26.03219626410595,-6.5023853796249185,False,Inlier
Exp_055,Transformer,7.959593295341546,4.62133726508635,1.7223571530853896,26.03219626410595,-18.072602968764404,False,Inlier
Exp_056,RF,34.99947229680576,8.408030338834845,4.162624406235892,27.644671680234325,7.354800616571438,False,Inlier
Exp_056,XGB,34.56117022475784,26.5247709992471,1.3029771388314286,27.644671680234325,6.916498544523513,False,Inlier
Exp_056,SVR,32.700092344230654,25.74915012812414,1.2699484131134273,27.644671680234325,5.05542066399633,False,Inlier
Exp_056,LSTM,22.220797115830266,18.067313744099714,1.229889369862023,27.644671680234325,-5.423874564404059,False,Inlier
Exp_056,CNN,22.589251016238,14.680372481025154,1.5387382742117286,27.644671680234325,-5.055420663996326,False,Inlier
Exp_056,Transformer,8.2995293173558,5.098819012503349,1.627735618189948,27.644671680234325,-19.345142362878526,True,Type2
Exp_057,RF,35.93071237257347,8.72099642210886,4.120023748832695,28.63288612500839,7.297826247565077,False,Inlier
Exp_057,XGB,33.294722918485895,27.90934245883222,1.1929597756592583,28.63288612500839,4.661836793477505,False,Inlier
Exp_057,SVR,33.412040610832726,27.941691995291034,1.1957772856584203,28.63288612500839,4.7791544858243356,False,Inlier
Exp_057,LSTM,23.97104933153089,20.99086889931995,1.1419750867153236,28.63288612500839,-4.661836793477502,False,Inlier
Exp_057,CNN,17.34551476100432,5.160848705372132,3.3609810616902385,28.63288612500839,-11.28737136400407,False,Inlier
Exp_057,Transformer,4.633333482444999,2.212968304744547,2.093718862810304,28.63288612500839,-23.99955264256339,True,Type2
Exp_058,RF,34.8000282119315,11.996718569591252,2.9007955808966845,27.312955417729857,7.487072794201641,False,Inlier
Exp_058,XGB,33.2071651953686,27.891814356643575,1.1905702788194186,27.312955417729857,5.894209777638746,False,Inlier
Exp_058,SVR,33.38395772943852,27.931875020267604,1.1951921489414814,27.312955417729857,6.071002311708664,False,Inlier
Exp_058,LSTM,20.10785660424295,12.214179157248005,1.6462716278654523,27.312955417729857,-7.205098813486906,False,Inlier
Exp_058,CNN,21.41874564009111,8.936053819294518,2.396890850617334,27.312955417729857,-5.894209777638746,False,Inlier
Exp_058,Transformer,9.69213952977106,5.616161268608615,1.7257587640769891,27.312955417729857,-17.6208158879588,True,Type2
Exp_059,RF,35.826581231899624,12.536440577406088,2.857795321621705,28.448740928321605,7.377840303578019,False,Inlier
Exp_059,XGB,45.36163015406716,40.47994385485468,1.1205951845367252,28.448740928321605,16.912889225745552,False,Inlier
Exp_059,SVR,32.680525017784284,25.726022562382607,1.2703294859723386,28.448740928321605,4.231784089462678,False,Inlier
Exp_059,LSTM,24.21695683885893,21.34060417885937,1.1347830940442145,28.448740928321605,-4.231784089462675,False,Inlier
Exp_059,CNN,18.915239501533957,9.271860632967256,2.0400694370101364,28.448740928321605,-9.533501426787648,False,Inlier
Exp_059,Transformer,6.238328029430899,3.273188979882228,1.9058869096080602,28.448740928321605,-22.210412898890706,True,Type2
Exp_060,RF,34.22914223838223,22.68437541346608,1.5089303370487712,27.280137399892638,6.949004838489593,False,Inlier
Exp_060,XGB,35.52201912579629,19.036891257759645,1.8659569277792205,27.280137399892638,8.241881725903653,False,Inlier
Exp_060,SVR,33.00488294037129,26.488572033563056,1.246004612802516,27.280137399892638,5.724745540478651,False,Inlier
Exp_060,LSTM,15.346901626268645,7.099552688477271,2.1616716291403826,27.280137399892638,-11.933235773623993,False,Inlier
Exp_060,CNN,21.555391859413984,13.851718925371681,1.5561528482888698,27.280137399892638,-5.724745540478654,False,Inlier
Exp_060,Transformer,9.84086871894726,3.7463363552991518,2.626797966239059,27.280137399892638,-17.43926868094538,False,Inlier
Exp_061,RF,34.3112589600331,20.181753024471206,1.7001129147913607,27.519260388456686,6.791998571576414,False,Inlier
Exp_061,XGB,35.86266324792925,20.821422783482294,1.7223925387259904,27.519260388456686,8.343402859472562,False,Inlier
Exp_061,SVR,32.680525017784284,25.726022562382607,1.2703294859723386,27.519260388456686,5.161264629327597,False,Inlier
Exp_061,LSTM,22.35799575912909,20.317289849921007,1.1004418366958533,27.519260388456686,-5.161264629327597,False,Inlier
Exp_061,CNN,17.617254191946934,10.537610224716365,1.6718453061231089,27.519260388456686,-9.902006196509753,False,Inlier
Exp_061,Transformer,5.545585546921762,4.2801289448075845,1.295658523010004,27.519260388456686,-21.973674841534923,True,Type2
Exp_062,RF,35.014778372903635,15.255325217138678,2.2952495521738268,31.283039775316198,3.7317385975874373,False,Inlier
Exp_062,XGB,46.27436805264741,42.34934666657725,1.0926819820143259,31.283039775316198,14.991328277331213,False,Inlier
Exp_062,SVR,32.39936443805188,24.788243679133217,1.307045584085722,31.283039775316198,1.1163246627356855,False,Inlier
Exp_062,LSTM,22.93411637381428,19.798001059381363,1.158405654440899,31.283039775316198,-8.348923401501917,False,Inlier
Exp_062,CNN,30.166715112580516,25.755672681818442,1.1712648893024618,31.283039775316198,-1.116324662735682,False,Inlier
Exp_062,Transformer,13.094479488181507,4.274014784405797,3.063742206966182,31.283039775316198,-18.188560287134692,True,Type2
Exp_063,RF,35.6106457314402,11.47631730050077,3.1029680339952193,27.543177264793215,8.067468466646986,False,Inlier
Exp_063,XGB,35.633046308978585,19.274742178175984,1.848691203212277,27.543177264793215,8.08986904418537,False,Inlier
Exp_063,SVR,32.97124236538622,26.461319450081106,1.2460165649557267,27.543177264793215,5.4280651005930025,False,Inlier
Exp_063,LSTM,22.115112164200212,18.534185218900657,1.193206601909202,27.543177264793215,-5.4280651005930025,False,Inlier
Exp_063,CNN,15.980528904800005,6.76608084537153,2.3618589948909343,27.543177264793215,-11.56264835999321,False,Inlier
Exp_063,Transformer,12.351030042682043,7.897999918331282,1.563817443706889,27.543177264793215,-15.192147222111172,False,Inlier
Exp_064,RF,34.5440793312501,22.404678639436103,1.5418243612049207,26.43752170381785,8.106557627432252,False,Inlier
Exp_064,XGB,35.74403598362162,15.841463484540538,2.256359459370892,26.43752170381785,9.306514279803771,False,Inlier
Exp_064,SVR,32.680525017784284,25.726022562382607,1.2703294859723386,26.43752170381785,6.243003313966433,False,Inlier
Exp_064,LSTM,20.194518389851414,13.826337830309642,1.4605833184244679,26.43752170381785,-6.243003313966437,False,Inlier
Exp_064,CNN,17.66489089582294,8.19541211063153,2.1554609649107324,26.43752170381785,-8.772630807994911,False,Inlier
Exp_064,Transformer,10.662871957353058,4.224678677410646,2.523948629363797,26.43752170381785,-15.774649746464792,False,Inlier
Exp_065,RF,35.51978054650135,12.768555491218754,2.7818166722875715,28.748399239034896,6.771381307466456,False,Inlier
Exp_065,XGB,35.916928555152616,18.070982106324752,1.9875471263170512,28.748399239034896,7.16852931611772,False,Inlier
Exp_065,SVR,33.412040610832726,27.941691995291034,1.1957772856584203,28.748399239034896,4.66364137179783,False,Inlier
Exp_065,LSTM,24.084757867237062,21.301854671628288,1.1306413567507478,28.748399239034896,-4.663641371797834,False,Inlier
Exp_065,CNN,18.500423117258105,8.887392230661426,2.0816480962133985,28.748399239034896,-10.24797612177679,False,Inlier
Exp_065,Transformer,13.31293956048817,3.9893211630526793,3.337144094535858,28.748399239034896,-15.435459678546726,False,Inlier
Exp_066,RF,34.84292280864896,17.458844612487887,1.995717562187744,29.378424174811602,5.464498633837355,False,Inlier
Exp_066,XGB,34.474306130843665,26.535683844397976,1.2991678048697295,29.378424174811602,5.095881956032063,False,Inlier
Exp_066,SVR,32.43074262216253,24.81094208852386,1.3071145185237913,29.378424174811602,3.052318447350931,False,Inlier
Exp_066,LSTM,17.829711736465867,8.080579727828503,2.206489179862006,29.378424174811602,-11.548712438345735,False,Inlier
Exp_066,CNN,26.32610572746067,18.375753997072813,1.4326544495346596,29.378424174811602,-3.052318447350931,False,Inlier
Exp_066,Transformer,5.939612725474051,4.002075372172031,1.4841331492091485,29.378424174811602,-23.43881144933755,True,Type2
Exp_067,RF,33.016122636236574,24.034363758737314,1.3737048738905802,27.76889045759861,5.247232178637965,False,Inlier
Exp_067,XGB,44.98575485249122,41.24954722762875,1.0905757244860126,27.76889045759861,17.21686439489261,False,Inlier
Exp_067,SVR,32.97135945131538,26.475338617193678,1.2453611992672697,27.76889045759861,5.202468993716771,False,Inlier
Exp_067,LSTM,22.566421463881838,18.489539410892668,1.2204966799003858,27.76889045759861,-5.202468993716771,False,Inlier
Exp_067,CNN,17.265304189610028,9.315996780833911,1.8532964958865672,27.76889045759861,-10.503586267988581,False,Inlier
Exp_067,Transformer,12.832157890356823,5.8474015031977755,2.1945060354311714,27.76889045759861,-14.936732567241785,False,Inlier
Exp_068,RF,35.63149521985755,11.233121433240214,3.172003029756225,31.014460282798026,4.617034937059522,False,Inlier
Exp_068,XGB,36.20794637727159,21.53025640622909,1.681723881690326,31.014460282798026,5.193486094473563,False,Inlier
Exp_068,SVR,32.97135945131538,26.475338617193678,1.2453611992672697,31.014460282798026,1.956899168517353,False,Inlier
Exp_068,LSTM,19.77528867643474,10.613683081507922,1.8631881623532702,31.014460282798026,-11.239171606363286,False,Inlier
Exp_068,CNN,29.057561114280674,18.79673293924913,1.545883596271461,31.014460282798026,-1.956899168517353,False,Inlier
Exp_068,Transformer,18.176769748668043,4.845303981445068,3.7514198940407835,31.014460282798026,-12.837690534129983,True,Type2
Exp_069,RF,35.64614856474335,8.163354972986218,4.366605235555953,30.29485533670122,5.3512932280421275,False,Inlier
Exp_069,XGB,33.35961285044013,27.858071425615368,1.1974846478340966,30.29485533670122,3.0647575137389076,False,Inlier
Exp_069,SVR,32.700092344230654,25.74915012812414,1.2699484131134273,30.29485533670122,2.4052370075294327,False,Inlier
Exp_069,LSTM,17.17264628044954,9.326248568074712,1.841324103159157,30.29485533670122,-13.12220905625168,True,Type2
Exp_069,CNN,27.88961832917179,20.390839767786584,1.3677523165687253,30.29485533670122,-2.4052370075294327,False,Inlier
Exp_069,Transformer,9.734055613364967,5.4397403004309695,1.7894338839289399,30.29485533670122,-20.560799723336252,True,Type2
Exp_070,RF,33.689064796426315,20.09311459413171,1.6766472235352388,26.402163215694706,7.286901580731609,False,Inlier
Exp_070,XGB,33.362931601975944,26.391683066045516,1.2641456597703447,26.402163215694706,6.960768386281238,False,Inlier
Exp_070,SVR,32.45409479904099,24.825474053205102,1.3072900331927797,26.402163215694706,6.051931583346281,False,Inlier
Exp_070,LSTM,20.35023163234842,14.016551996065168,1.4518714472761411,26.402163215694706,-6.051931583346285,False,Inlier
Exp_070,CNN,18.272819570569666,7.023814699357337,2.6015520557855245,26.402163215694706,-8.12934364512504,False,Inlier
Exp_070,Transformer,7.364810952675727,3.1787965918279197,2.3168550550259344,26.402163215694706,-19.03735226301898,True,Type2
Exp_071,RF,34.2997632334595,22.745829751863056,1.5079583206082026,31.697948487049118,2.6018147464103833,False,Inlier
Exp_071,XGB,46.88190834509753,38.33526482622593,1.2229446844208225,31.697948487049118,15.18395985804841,False,Inlier
Exp_071,SVR,32.700092344230654,25.74915012812414,1.2699484131134273,31.697948487049118,1.0021438571815366,False,Inlier
Exp_071,LSTM,21.992336672451454,17.400611498380684,1.263882977589499,31.697948487049118,-9.705611814597663,False,Inlier
Exp_071,CNN,30.69580462986758,23.943608473217857,1.2820041166394112,31.697948487049118,-1.0021438571815366,False,Inlier
Exp_071,Transformer,17.391369031702908,4.56670864856292,3.808293974956281,31.697948487049118,-14.30657945534621,False,Inlier
Exp_072,RF,34.83202467978541,14.036665784948704,2.4815027452698377,27.187043020695782,7.6449816590896305,False,Inlier
Exp_072,XGB,35.85817502077194,21.191379968301675,1.6921113714354155,27.187043020695782,8.671132000076156,False,Inlier
Exp_072,SVR,33.412040610832726,27.941691995291034,1.1957772856584203,27.187043020695782,6.224997590136944,False,Inlier
Exp_072,LSTM,17.372882521882794,6.491619870266517,2.676201451883464,27.187043020695782,-9.814160498812988,False,Inlier
Exp_072,CNN,20.962045430558835,13.292464245311725,1.576987159318648,27.187043020695782,-6.224997590136947,False,Inlier
Exp_072,Transformer,10.517690379217575,6.682328265459822,1.5739559568754342,27.187043020695782,-16.669352641478206,False,Inlier
Exp_073,RF,35.32125702404675,16.008251181213097,2.206440705122052,27.517706077767386,7.8035509462793655,False,Inlier
Exp_073,XGB,45.55307633598279,40.68465271815497,1.1196624105790964,27.517706077767386,18.0353702582154,True,Type1
Exp_073,SVR,32.45409479904099,24.825474053205102,1.3072900331927797,27.517706077767386,4.936388721273602,False,Inlier
Exp_073,LSTM,21.399908532633454,17.84933143881025,1.198919332412815,27.517706077767386,-6.117797545133932,False,Inlier
Exp_073,CNN,22.581317356493784,12.561391601250275,1.7976764098530449,27.517706077767386,-4.936388721273602,False,Inlier
Exp_073,Transformer,6.744892024370009,4.881437110977936,1.381743095532527,27.517706077767386,-20.772814053397376,True,Type2
Exp_074,RF,35.524492246740046,9.97547646246107,3.5611825039558784,28.72759093781337,6.7969013089266745,False,Inlier
Exp_074,XGB,47.57206704043876,39.97382871857379,1.190080324188072,28.72759093781337,18.84447610262539,False,Inlier
Exp_074,SVR,32.53458164373087,25.14508978637232,1.2938741487955778,28.72759093781337,3.806990705917496,False,Inlier
Exp_074,LSTM,19.124141499318014,14.727789757383668,1.298507231183842,28.72759093781337,-9.603449438495357,False,Inlier
Exp_074,CNN,24.920600231895875,15.0622290115989,1.654509449611036,28.72759093781337,-3.806990705917496,False,Inlier
Exp_074,Transformer,8.891622959972194,4.841322358189271,1.8366103932186408,28.72759093781337,-19.83596797784118,False,Inlier
Exp_075,RF,34.3112589600331,20.181753024471206,1.7001129147913607,30.027258835731736,4.284000124301365,False,Inlier
Exp_075,XGB,37.08031592505062,30.66647184005991,1.2091484184565453,30.027258835731736,7.053057089318884,False,Inlier
Exp_075,SVR,32.50359380743092,25.109428267145127,1.294477654433925,30.027258835731736,2.476334971699181,False,Inlier
Exp_075,LSTM,16.259353527998506,9.301496930806815,1.7480362192183365,30.027258835731736,-13.76790530773323,False,Inlier
Exp_075,CNN,27.55092386403256,19.304789463763502,1.427154847544318,30.027258835731736,-2.4763349716991776,False,Inlier
Exp_075,Transformer,9.031817672470476,4.325253191466147,2.0881592990418505,30.027258835731736,-20.995441163261262,True,Type2
Exp_076,RF,35.13343972486272,14.466382489006335,2.428626489833393,28.556965268356397,6.576474456506322,False,Inlier
Exp_076,XGB,37.9613450855357,29.308702820752,1.2952243337994884,28.556965268356397,9.4043798171793,False,Inlier
Exp_076,SVR,32.43074262216253,24.81094208852386,1.3071145185237913,28.556965268356397,3.873777353806137,False,Inlier
Exp_076,LSTM,24.68318791455026,22.42504673233181,1.100697278769222,28.556965268356397,-3.873777353806137,False,Inlier
Exp_076,CNN,20.32913156256043,6.895639407224877,2.948114070648861,28.556965268356397,-8.227833705795966,False,Inlier
Exp_076,Transformer,9.012129345598456,3.4238444195722497,2.632166722903947,28.556965268356397,-19.54483592275794,True,Type2
Exp_077,RF,34.62973895990415,19.098004473521357,1.8132647841776843,26.988302037961475,7.641436921942677,False,Inlier
Exp_077,XGB,35.014037014973546,21.746230226242304,1.6101198529904412,26.988302037961475,8.025734977012071,False,Inlier
Exp_077,SVR,33.358615062751326,27.909899504504338,1.195225194464338,26.988302037961475,6.370313024789851,False,Inlier
Exp_077,LSTM,20.48213347647278,15.611101240258284,1.3120236145578865,26.988302037961475,-6.506168561488696,False,Inlier
Exp_077,CNN,20.61798901317162,12.550965436907134,1.6427412788933946,26.988302037961475,-6.370313024789855,False,Inlier
Exp_077,Transformer,7.763432091422889,3.6844688500640475,2.1070695417299934,26.988302037961475,-19.224869946538586,True,Type2
Exp_078,RF,33.03606975189531,23.9932888124439,1.3768879293763785,28.04752426558816,4.988545486307153,False,Inlier
Exp_078,XGB,32.958644037594674,26.377734001885354,1.2494873151438615,28.04752426558816,4.911119772006515,False,Inlier
Exp_078,SVR,33.33688813541473,27.903266199464287,1.19473067766005,28.04752426558816,5.289363869826573,False,Inlier
Exp_078,LSTM,23.136404493581647,19.339167975090085,1.1963495287585595,28.04752426558816,-4.911119772006511,False,Inlier
Exp_078,CNN,20.74801001141058,11.1895603435145,1.854229243549876,28.04752426558816,-7.299514254177577,False,Inlier
Exp_078,Transformer,9.155179218265182,7.601649065299114,1.2043675181031182,28.04752426558816,-18.892345047322976,True,Type2
Exp_079,RF,35.00990173166228,10.24154500276507,3.4184199475967847,26.028438105270865,8.981463626391417,False,Inlier
Exp_079,XGB,37.59065701896134,28.13704928524789,1.3359843328941363,26.028438105270865,11.562218913690472,False,Inlier
Exp_079,SVR,32.43074262216253,24.81094208852386,1.3071145185237913,26.028438105270865,6.402304516891668,False,Inlier
Exp_079,LSTM,19.6261335883792,14.57684484096535,1.3463910607886709,26.028438105270865,-6.402304516891665,False,Inlier
Exp_079,CNN,17.144811155581355,7.799758164006893,2.198120864144039,26.028438105270865,-8.88362694968951,False,Inlier
Exp_079,Transformer,7.147060841227875,5.422072525164123,1.3181418743585576,26.028438105270865,-18.88137726404299,False,Inlier
Exp_080,RF,34.84292280864896,17.458844612487887,1.995717562187744,30.0891584438127,4.7537643648362575,False,Inlier
Exp_080,XGB,46.29530350859712,40.04511920653533,1.1560785540386596,30.0891584438127,16.206145064784423,True,Type1
Exp_080,SVR,32.50708815787684,25.132130424049933,1.293447376302389,30.0891584438127,2.4179297140641367,False,Inlier
Exp_080,LSTM,23.22704864106111,19.942917043039287,1.1646765912395995,30.0891584438127,-6.86210980275159,False,Inlier
Exp_080,CNN,27.671228729748567,18.813293237533035,1.4708338609501768,30.0891584438127,-2.417929714064133,False,Inlier
Exp_080,Transformer,9.079126719689922,5.571684380831313,1.6295120288804457,30.0891584438127,-21.010031724122776,True,Type2
Exp_081,RF,35.632769203822676,8.984403710658171,3.9660694634137634,25.823824180899464,9.808945022923211,False,Inlier
Exp_081,XGB,36.14472185490919,16.0887165975976,2.246588261757709,25.823824180899464,10.320897674009728,False,Inlier
Exp_081,SVR,33.358615062751326,27.909899504504338,1.195225194464338,25.823824180899464,7.534790881851862,False,Inlier
Exp_081,LSTM,16.35908771834672,9.273756296515883,1.7640195833583392,25.823824180899464,-9.464736462552743,False,Inlier
Exp_081,CNN,18.2890332990476,11.127932729883854,1.64352478964334,25.823824180899464,-7.534790881851865,False,Inlier
Exp_081,Transformer,8.831602346811536,4.044699537059925,2.183500224402624,25.823824180899464,-16.99222183408793,False,Inlier
Exp_082,RF,34.42973519265404,18.654775882831338,1.8456257748098153,27.262238714057794,7.167496478596249,False,Inlier
Exp_082,XGB,34.36804084386121,26.136585349850122,1.3149399733679552,27.262238714057794,7.105802129803415,False,Inlier
Exp_082,SVR,32.43074262216253,24.81094208852386,1.3071145185237913,27.262238714057794,5.168503908104739,False,Inlier
Exp_082,LSTM,22.09373480595305,15.738520238164368,1.4038000060754068,27.262238714057794,-5.168503908104743,False,Inlier
Exp_082,CNN,19.2879810918512,13.215250765051836,1.459524411209729,27.262238714057794,-7.9742576222065935,False,Inlier
Exp_082,Transformer,8.632925179553087,4.669102282938343,1.848947539894167,27.262238714057794,-18.629313534504707,True,Type2
Exp_083,RF,34.51347581019367,22.400131630120615,1.540771115995796,24.753533934192617,9.75994187600105,False,Inlier
Exp_083,XGB,36.751381776744125,32.00107954111665,1.148441937076655,24.753533934192617,11.997847842551508,False,Inlier
Exp_083,SVR,32.700092344230654,25.74915012812414,1.2699484131134273,24.753533934192617,7.946558410038037,False,Inlier
Exp_083,LSTM,15.933219783702892,12.05861652694642,1.3213140784515545,24.753533934192617,-8.820314150489725,False,Inlier
Exp_083,CNN,16.806975524154584,9.473057739558634,1.774186961193129,24.753533934192617,-7.946558410038033,False,Inlier
Exp_083,Transformer,10.923339047081711,7.08909178389987,1.5408657949513154,24.753533934192617,-13.830194887110906,False,Inlier
Exp_084,RF,35.68262790135019,9.099430875530514,3.9214131509372914,26.45360515311759,9.229022748232598,False,Inlier
Exp_084,XGB,35.73597538228721,19.283236260638247,1.853214621200954,26.45360515311759,9.282370229169619,False,Inlier
Exp_084,SVR,32.76731111207879,25.788850555244764,1.2705999068040972,26.45360515311759,6.313705958961197,False,Inlier
Exp_084,LSTM,19.67584057651866,11.560951252906065,1.7019222852940206,26.45360515311759,-6.77776457659893,False,Inlier
Exp_084,CNN,20.139899194156392,9.493946355179153,2.121341162115335,26.45360515311759,-6.313705958961197,False,Inlier
Exp_084,Transformer,8.929231246546193,6.179210620328527,1.4450440024119873,26.45360515311759,-17.524373906571398,False,Inlier
Exp_085,RF,33.016297769457076,24.016439438306307,1.3747374107752193,28.360788225103764,4.655509544353311,False,Inlier
Exp_085,XGB,36.723890930007165,30.178348646849138,1.2168953099374256,28.360788225103764,8.363102704903401,False,Inlier
Exp_085,SVR,32.97124236538622,26.461319450081106,1.2460165649557267,28.360788225103764,4.610454140282453,False,Inlier
Exp_085,LSTM,21.09149799899943,12.529615186184577,1.6833316654653026,28.360788225103764,-7.269290226104335,False,Inlier
Exp_085,CNN,23.75033408482131,8.81556767306777,2.6941355299648357,28.360788225103764,-4.610454140282453,False,Inlier
Exp_085,Transformer,7.123450395154483,5.251574325661708,1.3564409362628445,28.360788225103764,-21.237337829949283,True,Type2
Exp_086,RF,35.43792113776957,10.252262748531091,3.456595095833551,28.046842915956084,7.391078221813487,False,Inlier
Exp_086,XGB,35.2101687221932,22.17012689109351,1.588180748588242,28.046842915956084,7.163325806237118,False,Inlier
Exp_086,SVR,33.38395772943852,27.931875020267604,1.1951921489414814,28.046842915956084,5.337114813482437,False,Inlier
Exp_086,LSTM,22.709728102473644,18.428655850205477,1.2323051820526798,28.046842915956084,-5.33711481348244,False,Inlier
Exp_086,CNN,14.993258169168692,7.808238339601166,1.920184491952192,28.046842915956084,-13.053584746787392,False,Inlier
Exp_086,Transformer,12.163077743937926,3.971269303545986,3.0627683025871333,28.046842915956084,-15.883765172018158,False,Inlier
Exp_087,RF,35.29189194116675,16.554059646522177,2.131917650096252,27.890107100645945,7.401784840520808,False,Inlier
Exp_087,XGB,36.68818042650538,32.045859854106936,1.1448649090251668,27.890107100645945,8.798073325859438,False,Inlier
Exp_087,SVR,32.947774285680595,26.443664411954096,1.245960989838695,27.890107100645945,5.057667185034649,False,Inlier
Exp_087,LSTM,22.832439915611296,19.511696462074358,1.1701924514862967,27.890107100645945,-5.057667185034649,False,Inlier
Exp_087,CNN,21.934394116630436,13.855938439142145,1.5830320128059436,27.890107100645945,-5.955712984015509,False,Inlier
Exp_087,Transformer,10.832934171707805,8.18113635911692,1.3241356330206826,27.890107100645945,-17.05717292893814,True,Type2
Exp_088,RF,35.31331630395523,13.16980976777977,2.681383932389824,26.359831943405716,8.953484360549517,False,Inlier
Exp_088,XGB,34.522976950141484,26.30986709288575,1.3121684282273163,26.359831943405716,8.163145006735768,False,Inlier
Exp_088,SVR,32.97124236538622,26.461319450081106,1.2460165649557267,26.359831943405716,6.611410421980501,False,Inlier
Exp_088,LSTM,19.748421521425215,14.782178014935226,1.335961554614775,26.359831943405716,-6.611410421980501,False,Inlier
Exp_088,CNN,18.917392442311023,11.083635216141507,1.706785912149195,26.359831943405716,-7.442439501094693,False,Inlier
Exp_088,Transformer,7.3186064434875995,5.06722651115784,1.4443022089840085,26.359831943405716,-19.041225499918117,False,Inlier
Exp_089,RF,35.53382340025587,12.820669747930218,2.7716042998449817,26.747262128918372,8.786561271337497,False,Inlier
Exp_089,XGB,45.779071513868374,40.94096776820102,1.1181726766465234,26.747262128918372,19.03180938495,False,Inlier
Exp_089,SVR,32.39936443805188,24.788243679133217,1.307045584085722,26.747262128918372,5.652102309133511,False,Inlier
Exp_089,LSTM,18.367078669658436,13.413820205659745,1.3692653090659992,26.747262128918372,-8.380183459259936,False,Inlier
Exp_089,CNN,21.09515981978486,13.232756136230181,1.5941622140249434,26.747262128918372,-5.652102309133511,False,Inlier
Exp_089,Transformer,10.93287744114359,5.515227306174201,1.982307679124018,26.747262128918372,-15.814384687774782,False,Inlier
Exp_090,RF,34.95757805365613,15.639581635943937,2.2351990524678915,26.597528628299553,8.360049425356575,False,Inlier
Exp_090,XGB,34.55524124160653,24.148327553534894,1.430957947915869,26.597528628299553,7.9577126133069775,False,Inlier
Exp_090,SVR,32.50708815787684,25.132130424049933,1.293447376302389,26.597528628299553,5.909559529577283,False,Inlier
Exp_090,LSTM,20.68796909872227,15.14955906997456,1.3655822590721125,26.597528628299553,-5.909559529577283,False,Inlier
Exp_090,CNN,17.04668971169925,6.597506786254769,2.5838078328641187,26.597528628299553,-9.550838916600302,False,Inlier
Exp_090,Transformer,11.97819572605,8.774851792869006,1.365059605426525,26.597528628299553,-14.619332902249553,False,Inlier
Exp_091,RF,33.12191757875609,23.94720296105567,1.3831225981848851,27.201729032144904,5.920188546611186,False,Inlier
Exp_091,XGB,35.441941617043746,23.639748465656975,1.4992520613547389,27.201729032144904,8.240212584898842,False,Inlier
Exp_091,SVR,33.00488294037129,26.488572033563056,1.246004612802516,27.201729032144904,5.803153908226385,False,Inlier
Exp_091,LSTM,21.398575123918516,12.507222644781407,1.7108974335598792,27.201729032144904,-5.803153908226388,False,Inlier
Exp_091,CNN,16.476047585600398,7.759273518249364,2.123400798650761,27.201729032144904,-10.725681446544506,False,Inlier
Exp_091,Transformer,9.389848673843247,5.162520785901802,1.8188495626953693,27.201729032144904,-17.811880358301657,True,Type2
Exp_092,RF,35.3851346636342,9.003914103457209,3.929972482750303,30.43117125885032,4.953963404783877,False,Inlier
Exp_092,XGB,36.67085806269997,30.223190154987467,1.2133351203049128,30.43117125885032,6.239686803849651,False,Inlier
Exp_092,SVR,32.53458164373087,25.14508978637232,1.2938741487955778,30.43117125885032,2.103410384880547,False,Inlier
Exp_092,LSTM,21.040271473572783,14.432382708835602,1.4578515480116658,30.43117125885032,-9.390899785277536,False,Inlier
Exp_092,CNN,28.32776087396977,22.70610489949853,1.2475834582529122,30.43117125885032,-2.1034103848805508,False,Inlier
Exp_092,Transformer,6.9474443525822185,3.453466614270911,2.011730567735327,30.43117125885032,-23.483726906268103,True,Type2
Exp_093,RF,34.042810824898396,19.645153359973037,1.7328859796157439,25.478052799301956,8.56475802559644,False,Inlier
Exp_093,XGB,34.481656270263834,26.290965059312676,1.3115401504841255,25.478052799301956,9.003603470961878,False,Inlier
Exp_093,SVR,32.76731111207879,25.788850555244764,1.2705999068040972,25.478052799301956,7.2892583127768305,False,Inlier
Exp_093,LSTM,15.581948502694551,11.484634749400977,1.3567648290693168,25.478052799301956,-9.896104296607405,False,Inlier
Exp_093,CNN,18.18879448652513,9.4698614594941,1.920703334924692,25.478052799301956,-7.289258312776827,False,Inlier
Exp_093,Transformer,9.518904898993068,3.4478037989525707,2.760860377810615,25.478052799301956,-15.959147900308889,False,Inlier
Exp_094,RF,34.79547861777894,14.14504232832753,2.4599062915560084,30.33140162981795,4.46407698796099,False,Inlier
Exp_094,XGB,35.49424331625834,19.20377258748387,1.8482953364794503,30.33140162981795,5.162841686440391,False,Inlier
Exp_094,SVR,33.412040610832726,27.941691995291034,1.1957772856584203,30.33140162981795,3.0806389810147756,False,Inlier
Exp_094,LSTM,19.050641483109402,10.342314928891835,1.8420094160825031,30.33140162981795,-11.280760146708548,False,Inlier
Exp_094,CNN,27.250762648803175,19.137784387430163,1.4239246350116515,30.33140162981795,-3.0806389810147756,False,Inlier
Exp_094,Transformer,10.532978764936235,4.259944277116853,2.472562568838341,30.33140162981795,-19.798422864881715,True,Type2
Exp_095,RF,35.87756062548256,11.410379728619672,3.1442915554768054,30.3415952829797,5.535965342502859,False,Inlier
Exp_095,XGB,34.9128151698762,22.08826979637962,1.580604343016427,30.3415952829797,4.571219886896497,False,Inlier
Exp_095,SVR,32.76731111207879,25.788850555244764,1.2705999068040972,30.3415952829797,2.4257158290990866,False,Inlier
Exp_095,LSTM,18.203328693871057,9.748749090303,1.8672476361072576,30.3415952829797,-12.138266589108643,False,Inlier
Exp_095,CNN,27.915879453880613,21.950624718606743,1.2717578570881103,30.3415952829797,-2.4257158290990866,False,Inlier
Exp_095,Transformer,9.288542582958302,5.6505680102535685,1.6438245794233843,30.3415952829797,-21.053052700021397,True,Type2
Exp_096,RF,35.22649265852098,15.319428412224731,2.2994652091856533,27.507574411943978,7.7189182465770045,False,Inlier
Exp_096,XGB,35.755036112719495,16.008437792814334,2.233511887635205,27.507574411943978,8.247461700775517,False,Inlier
Exp_096,SVR,32.97135945131538,26.475338617193678,1.2453611992672697,27.507574411943978,5.463785039371402,False,Inlier
Exp_096,LSTM,22.04378937257258,18.414587027160273,1.1970830157667656,27.507574411943978,-5.463785039371398,False,Inlier
Exp_096,CNN,20.093969459581103,11.618042535363504,1.7295486221898573,27.507574411943978,-7.413604952362874,False,Inlier
Exp_096,Transformer,13.01253140287247,4.4292248142812,2.9378800915492067,27.507574411943978,-14.495043009071507,False,Inlier
Exp_097,RF,34.953993275608596,14.62286840280165,2.390365030496454,28.318087445205027,6.635905830403569,False,Inlier
Exp_097,XGB,35.25725594370168,23.912194165010376,1.4744467069982232,28.318087445205027,6.939168498496652,False,Inlier
Exp_097,SVR,32.50359380743092,25.109428267145127,1.294477654433925,28.318087445205027,4.18550636222589,False,Inlier
Exp_097,LSTM,24.132581082979137,22.140774550703462,1.089961014133193,28.318087445205027,-4.18550636222589,False,Inlier
Exp_097,CNN,22.33928331665012,13.20730506592818,1.691433884894531,28.318087445205027,-5.978804128554906,False,Inlier
Exp_097,Transformer,6.172933367027362,4.940915628435124,1.2493500863487603,28.318087445205027,-22.145154078177665,True,Type2
Exp_098,RF,34.97704047549776,12.942417267358634,2.7025121932756293,28.414201358365755,6.562839117132004,False,Inlier
Exp_098,XGB,35.97491937751563,15.92169195337616,2.25949098141465,28.414201358365755,7.560718019149878,False,Inlier
Exp_098,SVR,33.33688813541473,27.903266199464287,1.19473067766005,28.414201358365755,4.922686777048977,False,Inlier
Exp_098,LSTM,23.49151458131678,21.6256470335373,1.0862803108219545,28.414201358365755,-4.922686777048977,False,Inlier
Exp_098,CNN,17.382728230132813,6.871433234489361,2.5297092523412377,28.414201358365755,-11.031473128232943,False,Inlier
Exp_098,Transformer,11.739070922897284,4.796510365696339,2.447419066755848,28.414201358365755,-16.67513043546847,False,Inlier
Exp_099,RF,34.95757805365613,15.639581635943937,2.2351990524678915,27.646468668575622,7.311109385080506,False,Inlier
Exp_099,XGB,35.850589541984,15.952731405067489,2.2473010189713234,27.646468668575622,8.204120873408378,False,Inlier
Exp_099,SVR,33.38395772943852,27.931875020267604,1.1951921489414814,27.646468668575622,5.737489060862899,False,Inlier
Exp_099,LSTM,20.61700839492117,11.609247507291197,1.775912554364324,27.646468668575622,-7.0294602736544505,False,Inlier
Exp_099,CNN,21.908979607712723,13.694449554779426,1.59984375568176,27.646468668575622,-5.737489060862899,False,Inlier
Exp_099,Transformer,12.786813285339731,8.175079942598183,1.564120886293848,27.646468668575622,-14.859655383235891,False,Inlier
Exp_100,RF,34.49870949914652,22.420590364671437,1.5387065611575872,27.888929354688237,6.609780144458284,False,Inlier
Exp_100,XGB,35.74615842012782,19.16791183186475,1.8648958078314708,27.888929354688237,7.857229065439583,False,Inlier
Exp_100,SVR,32.43074262216253,24.81094208852386,1.3071145185237913,27.888929354688237,4.541813267474296,False,Inlier
Exp_100,LSTM,23.239952623644022,20.31254056486334,1.1441184596989569,27.888929354688237,-4.648976731044215,False,Inlier
Exp_100,CNN,23.347116087213937,16.784065791754784,1.3910286325666852,27.888929354688237,-4.5418132674743,False,Inlier
Exp_100,Transformer,4.51031435291752,3.249573606249984,1.3879711308101232,27.888929354688237,-23.37861500177072,True,Type2
